Date,Ticker,Monthly RSI,RSI Rank,Relative Volume,Vol Rank,Hybrid Score,Hybrid Rank,Turnover (Cr),Model A (%),Model A (₹),Model B1 Linear (%),Model B1 Linear (₹),Model B2 Inverse (%),Model B2 Inverse (₹),Model C Vol (%),Model C Vol (₹),Model D Hybrid (%),Model D Hybrid (₹)
2023-12-22,EQUITASBNK,78.73187835677102,10,11.429739516394825,4,0.6640083451730416,4,407.3916955299133,10.0,100000.0,1.9047619047619047,19047.619047619046,4.333396385397142,43333.96385397142,10.400567099169548,104005.67099169549,9.872569077763565,98725.69077763565
2023-12-22,CHEMBOND,76.40114251239987,14,9.188020878001513,6,0.40973702750746,25,33.69191910018311,0.0,0.0,0.0,0.0,0.0,0.0,8.360700391566512,83607.00391566513,0.0,0.0
2023-12-22,CHENNPETRO,85.66940449168905,3,1.780945697281013,26,0.7488396649098485,1,218.0425327628174,10.0,100000.0,15.238095238095237,152380.95238095237,14.444654617990475,144446.54617990475,0.0,0.0,11.133853021177288,111338.53021177287
2023-12-22,ICEMAKE,80.6868879984631,8,9.770456119521123,5,0.6574014428411527,6,27.117564518737794,10.0,100000.0,5.714285714285714,57142.85714285714,5.416745481746427,54167.45481746428,8.890691193339082,88906.91193339082,9.774336728523116,97743.36728523116
2023-12-22,CORALFINAC,70.73584828093547,27,8.576361025822365,7,0.5298038558931346,15,23.869070917977904,0.0,0.0,0.0,0.0,0.0,0.0,7.804116461956194,78041.16461956194,0.0,0.0
2023-12-22,NLCINDIA,91.410088412768,1,4.364588283548304,16,0.61539426322402,9,323.72748838012694,10.0,100000.0,15.714285714285714,157142.85714285713,19.038570667033515,190385.70667033514,0.0,0.0,9.149768098404339,91497.68098404339
2023-12-22,SOUTHBANK,71.79753546286027,23,6.469327184606993,12,0.5154912858718694,17,363.63343222351455,0.0,0.0,0.0,0.0,0.0,0.0,0.0,0.0,0.0,0.0
2023-12-22,SURANASOL,71.47829634040338,24,6.9231810886242675,9,0.4484951242502841,21,9.39815955,0.0,0.0,0.0,0.0,0.0,0.0,6.2997944396418095,62997.94439641809,0.0,0.0
2023-12-22,PARAGMILK,74.23281771642634,17,6.701879691977451,11,0.4476550945053661,22,92.32466277804718,0.0,0.0,0.0,0.0,0.0,0.0,0.0,0.0,0.0,0.0
2023-12-22,DATAMATICS,78.71970065126601,11,16.270796101452834,3,0.662646973813503,5,411.2647383456299,0.0,0.0,0.0,0.0,0.0,0.0,14.805718570167702,148057.18570167702,9.852328017714793,98523.28017714793
2023-12-22,TAINWALCHM,71.84385003800234,22,16.271139468529352,2,0.3783371667674327,27,3.675134954498291,0.0,0.0,0.0,0.0,0.0,0.0,14.80603101931091,148060.3101931091,0.0,0.0
2023-12-22,IFCI,73.46016882005887,21,4.597781577053926,14,0.4167560531237622,24,408.68538015,0.0,0.0,0.0,0.0,0.0,0.0,0.0,0.0,0.0,0.0
2023-12-22,GAIL,78.38698691798353,12,4.310516814501664,17,0.5333304885961856,14,847.0634251112305,0.0,0.0,0.0,0.0,0.0,0.0,0.0,0.0,0.0,0.0
2023-12-22,PRAKASH,78.29466151176267,13,1.8422010710379855,25,0.4582005338809842,19,12.671094102516175,0.0,0.0,0.0,0.0,0.0,0.0,0.0,0.0,0.0,0.0
2023-12-22,ADANIPOWER,74.07701475002858,18,3.245623858211485,19,0.7396455255716757,3,3191.034177748825,0.0,0.0,0.0,0.0,0.0,0.0,0.0,0.0,10.997153269756183,109971.53269756182
2023-12-22,JKTYRE,84.15057724309895,5,7.933602614561323,8,0.5576771906239271,12,480.8453408985596,10.0,100000.0,11.428571428571429,114285.71428571428,8.666792770794284,86667.92770794284,7.219234192742005,72192.34192742006,0.0,0.0
2023-12-22,ZENSARTECH,74.60748455607397,16,17.786910076419886,1,0.6441229058115889,8,1042.791654231665,0.0,0.0,0.0,0.0,0.0,0.0,15.154606501726537,151546.06501726535,9.576909580161228,95769.09580161229
2023-12-22,JAICORPLTD,79.13659516785707,9,2.011530530700252,23,0.3971313880812105,26,65.45636780413513,10.0,100000.0,3.8095238095238093,38095.23809523809,4.814884872663491,48148.848726634904,0.0,0.0,0.0,0.0
2023-12-22,J&KBANK,85.18835381657696,4,6.877844521464167,10,0.6573196560490535,7,328.477286740107,10.0,100000.0,13.33333333333333,133333.3333333333,10.833490963492855,108334.90963492855,6.258540130379705,62585.40130379706,9.773120711043038,97731.20711043039
2023-12-22,ITC,73.47293099316516,20,2.4793537464187847,20,0.5934835788544863,10,775.3246577013916,0.0,0.0,0.0,0.0,0.0,0.0,0.0,0.0,8.823996974363837,88239.96974363836
2023-12-22,POWERINDIA,74.01428114917843,19,2.1207541826934424,22,0.4750837243191387,18,56.836721254003905,0.0,0.0,0.0,0.0,0.0,0.0,0.0,0.0,0.0,0.0
2023-12-22,BOSCHLTD,70.82767707775595,26,2.1411470680976796,21,0.4557812130994914,20,115.38911476054687,0.0,0.0,0.0,0.0,0.0,0.0,0.0,0.0,0.0,0.0
2023-12-22,KTKBANK,76.32658032144883,15,4.522484460373447,15,0.5281545845153368,16,139.7980556370697,0.0,0.0,0.0,0.0,0.0,0.0,0.0,0.0,0.0,0.0
2023-12-22,BEML,71.23174455893292,25,1.4474449798298545,27,0.43697374452124693,23,135.03355486120606,0.0,0.0,0.0,0.0,0.0,0.0,0.0,0.0,0.0,0.0
2023-12-22,MAZDOCK,82.21853856680627,7,3.8050464260864114,18,0.7429284682353767,2,763.1808569875,10.0,100000.0,7.619047619047619,76190.47619047618,6.190566264853061,61905.662648530604,0.0,0.0,11.045964521092607,110459.64521092607
2023-12-22,NTPC,86.84239587139353,2,1.9818504406943263,24,0.5510696364979041,13,830.8128620794129,10.0,100000.0,15.714285714285714,157142.85714285713,19.038570667033515,190385.70667033514,0.0,0.0,0.0,0.0
2023-12-22,VERTOZ,83.02568411908426,6,5.532813305407116,13,0.5838413190071148,11,71.30846291622925,10.0,100000.0,9.523809523809524,95238.09523809524,7.222327308995237,72223.27308995237,0.0,0.0,0.0,0.0
2024-01-19,ABSLNN50ET,73.39595827576468,20,0.894554123325235,22,0.33220047532741304,21,0.038475800161743165,0.0,0.0,0.0,0.0,0.0,0.0,0.0,0.0,0.0,0.0
2024-01-19,JYOTHYLAB,93.0678372029234,1,1.3230847752943125,21,0.6696070326829575,2,58.766343605896,10.0,100000.0,15.714285714285714,157142.85714285713,19.038570667033515,190385.70667033514,0.0,0.0,10.58608596640279,105860.85966402788
2024-01-19,BPCL,74.1251147623855,19,2.681279459893196,13,0.35338695314396096,20,893.3883452682495,0.0,0.0,0.0,0.0,0.0,0.0,0.0,0.0,0.0,0.0
2024-01-19,ASHOKA,77.34606294245742,12,10.001349407186902,2,0.676647738591351,1,412.9545448979034,0.0,0.0,0.0,0.0,0.0,0.0,13.51965919488604,135196.5919488604,10.697395308109932,106973.95308109932
2024-01-19,SIGIND,75.58192407928112,17,5.71267541021209,7,0.36752328056891986,19,1.2046337884658813,0.0,0.0,0.0,0.0,0.0,0.0,7.7223004109399325,77223.00410939932,0.0,0.0
2024-01-19,PNBHOUSING,75.93258511560742,15,25.61715392594788,1,0.5659929167740362,11,486.25790893205567,0.0,0.0,0.0,0.0,0.0,0.0,17.560284289666797,175602.84289666798,0.0,0.0
2024-01-19,BHEL,86.85796837663693,4,2.7334304058453274,12,0.61475285526697,9,2152.6837183853913,10.0,100000.0,13.33333333333333,133333.3333333333,10.833490963492855,108334.90963492855,0.0,0.0,9.718874289405816,97188.74289405817
2024-01-19,UNIONBANK,79.56438572603567,7,2.7544505829755472,11,0.6219881410231387,7,511.8161280702484,10.0,100000.0,7.619047619047619,76190.47619047618,6.190566264853061,61905.662648530604,0.0,0.0,9.833259821916428,98332.5982191643
2024-01-19,SHARDAMOTR,75.4528854665617,18,3.3044818875356703,10,0.6281530955987467,6,34.95002933591309,0.0,0.0,0.0,0.0,0.0,0.0,4.466944120865581,44669.441208655815,9.930724059791682,99307.24059791683
2024-01-19,SKIPPER,78.64418552475054,11,7.647925963990667,5,0.49861818066635366,16,81.74591627469177,0.0,0.0,0.0,0.0,0.0,0.0,10.338340195031428,103383.40195031429,0.0,0.0
2024-01-19,PRESTIGE,87.15541422817529,3,0.5544719817507807,23,0.48883183587817625,17,90.69941586650391,10.0,100000.0,15.238095238095237,152380.95238095237,14.444654617990475,144446.54617990475,0.0,0.0,0.0,0.0
2024-01-19,FORTIS,72.83701817267035,22,1.3263358942355983,20,0.3036151170967549,22,100.0185997866394,0.0,0.0,0.0,0.0,0.0,0.0,0.0,0.0,0.0,0.0
2024-01-19,AJMERA,76.70619237202345,14,3.9503150117654995,9,0.5605723752759949,12,46.83394789543152,0.0,0.0,0.0,0.0,0.0,0.0,5.3399706876688,53399.706876688004,0.0,0.0
2024-01-19,SOUTHBANK,79.40063003795126,8,4.654306795142849,8,0.6428756288181997,3,413.78004482883284,10.0,100000.0,5.714285714285714,57142.85714285714,5.416745481746427,54167.45481746428,6.291615170804489,62916.15170804489,10.163478488430044,101634.78488430045
2024-01-19,KIRLOSENG,89.28674503472058,2,1.5252573170916124,19,0.5065226682865527,15,28.08794697817383,10.0,100000.0,15.714285714285714,157142.85714285713,19.038570667033515,190385.70667033514,0.0,0.0,0.0,0.0
2024-01-19,MIDHANI,81.08290549702586,6,7.5837911276317564,6,0.533358583831374,13,303.38721175707093,10.0,100000.0,9.523809523809524,95238.09523809524,7.222327308995237,72223.27308995237,10.251643780898632,102516.43780898633,0.0,0.0
2024-01-19,MGL,78.70142257029286,10,1.8434446487351022,16,0.586849505830373,10,108.40855404379883,10.0,100000.0,1.9047619047619047,19047.619047619046,4.333396385397142,43333.96385397142,0.0,0.0,9.277739054157696,92777.39054157696
2024-01-19,LINCOLN,73.25616316615664,21,8.613087866323578,4,0.5108422047679797,14,36.25877408702392,0.0,0.0,0.0,0.0,0.0,0.0,11.643030137975744,116430.30137975745,0.0,0.0
2024-01-19,MANINFRA,85.18365868734637,5,2.324547856985275,14,0.6357722538062405,4,97.35251181337586,10.0,100000.0,11.428571428571429,114285.71428571428,8.666792770794284,86667.92770794284,0.0,0.0,10.051178385746084,100511.78385746085
2024-01-19,NH,79.36546325272012,9,1.6757812991334329,18,0.6323739952079361,5,59.54990001450195,10.0,100000.0,3.8095238095238093,38095.23809523809,4.814884872663491,48148.848726634904,0.0,0.0,9.997453953501733,99974.53953501732
2024-01-19,PDMJEPAPER,77.11873183794378,13,9.517953079782975,3,0.616330168881071,8,23.80495161793213,0.0,0.0,0.0,0.0,0.0,0.0,12.86621201126256,128662.12011262559,9.743810672537796,97438.10672537796
2024-01-19,NAVKARCORP,75.68391255690935,16,2.083536255883922,15,0.4527661252329131,18,40.23228805732727,0.0,0.0,0.0,0.0,0.0,0.0,0.0,0.0,0.0,0.0
2024-01-19,NILAINFRA,70.82506044140756,23,1.7530005682236298,17,0.23332592784488326,23,4.0675566725278856,0.0,0.0,0.0,0.0,0.0,0.0,0.0,0.0,0.0,0.0
2024-04-16,NEULANDLAB,80.11051102006478,6,2.5560952299835296,12,0.6984209567668314,2,76.6743333878418,10.0,100000.0,9.523809523809524,95238.09523809524,7.222327308995237,72223.27308995237,0.0,0.0,11.524467199506452,115244.67199506452
2024-04-16,ABCAPITAL,73.16890612644796,15,8.465220163269407,3,0.5690687443936878,7,1115.69603023526,0.0,0.0,0.0,0.0,0.0,0.0,15.386081767151621,153860.8176715162,9.39005912621669,93900.5912621669
2024-04-16,UNICHEMLAB,72.50631908916831,16,6.391561691036406,4,0.3619649670857516,17,7.824849848571778,0.0,0.0,0.0,0.0,0.0,0.0,11.617074204966583,116170.74204966583,0.0,0.0
2024-04-16,NMDC,79.70710939992784,7,2.732657719056743,10,0.6169957325236163,4,1053.9804498724434,10.0,100000.0,7.619047619047619,76190.47619047618,6.190566264853061,61905.662648530604,4.966781051894895,49667.81051894894,10.180890210712471,101808.90210712471
2024-04-16,TRITURBINE,72.30010192469898,18,1.523631415818445,17,0.48604524474129385,11,224.02932231986085,0.0,0.0,0.0,0.0,0.0,0.0,0.0,0.0,0.0,0.0
2024-04-16,IZMO,77.87910670327832,9,2.286427792765062,13,0.3060015736486279,20,3.4979403217681884,10.0,100000.0,3.8095238095238093,38095.23809523809,4.814884872663491,48148.848726634904,0.0,0.0,0.0,0.0
2024-04-16,GRSE,72.31105219723095,17,12.198141825274238,1,0.464789886420574,13,613.5058716167847,0.0,0.0,0.0,0.0,0.0,0.0,16.545665765419557,165456.65765419556,0.0,0.0
2024-04-16,PHOENIXLTD,89.44241402343944,1,0.9756681489984051,20,0.40135694028418867,15,177.79824095229492,10.0,100000.0,15.714285714285714,157142.85714285713,19.038570667033515,190385.70667033514,0.0,0.0,0.0,0.0
2024-04-16,WABAG,86.17305149000734,5,0.7547976715684183,21,0.3110985621683638,19,22.520258224365236,10.0,100000.0,11.428571428571429,114285.71428571428,8.666792770794284,86667.92770794284,0.0,0.0,0.0,0.0
2024-04-16,ADANIPOWER,75.69758477833109,12,3.219657486939804,9,0.6665263433462587,3,412.52246549252317,0.0,0.0,0.0,0.0,0.0,0.0,5.8519344329900305,58519.344329900305,10.998182266837913,109981.82266837914
2024-04-16,SCHNEIDER,89.31273953680508,2,2.231155791154547,14,0.7516129728467367,1,27.107608553466797,10.0,100000.0,15.714285714285714,157142.85714285713,19.038570667033515,190385.70667033514,0.0,0.0,12.40217517583389,124021.7517583389
2024-04-16,BEML,72.18504498923221,19,1.361040845886997,18,0.3154690374746107,18,192.17123714267578,0.0,0.0,0.0,0.0,0.0,0.0,0.0,0.0,0.0,0.0
2024-04-16,CHEMBOND,72.14664890284226,20,1.7509717730141705,15,0.1617585531886836,21,2.1256961889587402,0.0,0.0,0.0,0.0,0.0,0.0,0.0,0.0,0.0,0.0
2024-04-16,CDSL,70.92881836645425,21,3.3881348047056727,6,0.606673708298224,5,1583.34219417688,0.0,0.0,0.0,0.0,0.0,0.0,6.15815278727497,61581.527872749706,10.010569104987464,100105.69104987464
2024-04-16,ARVSMART,86.4165635564876,4,11.677641007836122,2,0.5773070223059914,6,79.43016530859374,10.0,100000.0,13.33333333333333,133333.3333333333,10.833490963492855,108334.90963492855,16.545665765419557,165456.65765419556,9.525996862134969,95259.96862134968
2024-04-16,SUNDARMFIN,87.66223800460483,3,0.9832625253337652,19,0.5333417365256728,8,197.48135827109374,10.0,100000.0,15.238095238095237,152380.95238095237,14.444654617990475,144446.54617990475,0.0,0.0,8.800536824054578,88005.36824054578
2024-04-16,ARVIND,77.61521956443046,10,1.7315579872848001,16,0.44386266549574827,14,36.446402977960204,10.0,100000.0,1.9047619047619047,19047.619047619046,4.333396385397142,43333.96385397142,0.0,0.0,0.0,0.0
2024-04-16,ICIL,75.125595429505,13,2.584600189532705,11,0.5260410890063763,9,52.94012312879639,0.0,0.0,0.0,0.0,0.0,0.0,0.0,0.0,8.680070689617864,86800.70689617864
2024-04-16,CESC,75.7902045640011,11,3.3278815536965003,7,0.4660768019305477,12,209.84901507060698,0.0,0.0,0.0,0.0,0.0,0.0,6.0486386306572415,60486.386306572414,0.0,0.0
2024-04-16,IRB,79.02905036674348,8,3.257421727836449,8,0.3927622992145386,16,408.54458474826276,10.0,100000.0,5.714285714285714,57142.85714285714,5.416745481746427,54167.45481746428,5.920573368198276,59205.73368198277,0.0,0.0
2024-04-16,GODREJIND,73.36915925508495,14,6.029735709309541,5,0.5143435486058086,10,59.10080374846802,0.0,0.0,0.0,0.0,0.0,0.0,10.959432226027273,109594.32226027273,8.487052540097688,84870.52540097688
