strategy,symbol,entry_date,exit_date,entry_price,exit_price,return_pct,pnl,holding_days,exit_reason
INDIA_BROAD,ASIANPAINT,2019-04-12,2019-07-01,1344.51,1284.24,-4.48,-479.6,51,MONTHLY_EMA9_BREAK
INDIA_BROAD,HAVELLS,2019-05-10,2019-08-01,699.95,610.77,-12.74,-1327.65,58,MONTHLY_EMA9_BREAK
INDIA_BROAD,SUVEN,2019-05-17,2019-08-01,11.87,10.49,-11.65,-1225.34,53,MONTHLY_EMA9_BREAK
INDIA_BROAD,SEAMECLTD,2019-05-13,2019-09-03,422.89,322.65,-23.7,-2470.18,77,MONTHLY_EMA9_BREAK
INDIA_BROAD,CANTABIL,2019-05-03,2019-11-01,51.56,40.57,-21.32,-2252.04,122,MONTHLY_EMA9_BREAK
INDIA_BROAD,PRESTIGE,2019-05-17,2020-03-02,242.71,289.53,19.29,2029.57,195,MONTHLY_EMA9_BREAK
INDIA_BROAD,BATAINDIA,2019-05-10,2020-04-01,1216.08,1106.67,-9.0,-937.57,221,MONTHLY_EMA9_BREAK
INDIA_BROAD,MUTHOOTFIN,2019-05-13,2020-04-01,510.79,550.45,7.77,809.29,220,MONTHLY_EMA9_BREAK
INDIA_BROAD,PIDILITIND,2019-09-23,2020-04-01,694.11,655.02,-5.63,-616.48,130,MONTHLY_EMA9_BREAK
INDIA_BROAD,EQ30,2019-11-14,2020-04-01,348.47,254.36,-27.01,-3005.86,96,MONTHLY_EMA9_BREAK
INDIA_BROAD,ATUL,2019-11-18,2020-04-01,3957.16,3892.19,-1.64,-181.89,94,MONTHLY_EMA9_BREAK
INDIA_BROAD,VADILALIND,2019-11-21,2020-04-01,722.03,436.48,-39.55,-2056.09,91,MONTHLY_EMA9_BREAK
INDIA_BROAD,DMART,2019-11-20,2020-08-03,1845.6,2063.53,11.81,1307.52,174,MONTHLY_EMA9_BREAK
INDIA_BROAD,GMMPFAUDLR,2020-07-21,2020-11-02,1358.04,1166.06,-14.14,-1731.32,73,MONTHLY_EMA9_BREAK
INDIA_BROAD,IPCALAB,2019-05-20,2021-02-01,452.98,913.55,101.68,10904.76,423,MONTHLY_EMA9_BREAK
INDIA_BROAD,DRREDDY,2020-07-09,2021-03-01,749.12,853.92,13.99,1705.73,163,MONTHLY_EMA9_BREAK
INDIA_BROAD,ITI,2020-09-11,2021-04-01,138.8,115.36,-16.88,-1030.97,138,MONTHLY_EMA9_BREAK
INDIA_BROAD,COROMANDEL,2020-08-20,2021-05-03,729.2,698.97,-4.15,-586.46,173,MONTHLY_EMA9_BREAK
INDIA_BROAD,ADANIGREEN,2020-07-27,2021-08-02,346.81,880.19,153.79,19455.07,254,MONTHLY_EMA9_BREAK
INDIA_BROAD,APLLTD,2020-09-04,2021-08-02,871.74,744.07,-14.65,-2136.74,225,MONTHLY_EMA9_BREAK
INDIA_BROAD,LAURUSLABS,2021-08-02,2021-11-01,640.83,510.89,-20.28,-4807.44,62,MONTHLY_EMA9_BREAK
INDIA_BROAD,RTNPOWER,2021-08-02,2021-11-01,6.77,3.84,-43.25,-8978.01,62,MONTHLY_EMA9_BREAK
INDIA_BROAD,GPIL,2021-02-01,2021-12-01,23.97,51.48,114.8,18706.62,205,MONTHLY_EMA9_BREAK
INDIA_BROAD,DIVISLAB,2019-05-13,2022-02-01,1572.15,3923.62,149.57,15587.34,676,MONTHLY_EMA9_BREAK
INDIA_BROAD,LALPATHLAB,2020-09-02,2022-02-01,866.48,1441.45,66.36,9792.99,352,MONTHLY_EMA9_BREAK
INDIA_BROAD,WIPRO,2021-03-02,2022-02-01,192.17,264.63,37.7,5157.45,227,MONTHLY_EMA9_BREAK
INDIA_BROAD,MAHLOG,2021-05-06,2022-02-01,513.41,573.03,11.61,1605.22,185,MONTHLY_EMA9_BREAK
INDIA_BROAD,SAGCEM,2021-11-01,2022-02-01,278.93,240.94,-13.62,-2968.2,63,MONTHLY_EMA9_BREAK
INDIA_BROAD,BSOFT,2020-11-02,2022-03-02,166.49,375.39,125.48,13169.16,330,MONTHLY_EMA9_BREAK
INDIA_BROAD,PGHH,2021-04-01,2022-05-02,11629.18,13134.28,12.94,655.51,267,MONTHLY_EMA9_BREAK
INDIA_BROAD,TVTODAY,2022-02-01,2022-06-01,286.27,196.14,-31.48,-6251.3,81,MONTHLY_EMA9_BREAK
INDIA_BROAD,CALSOFT,2022-02-03,2022-06-01,41.5,23.69,-42.92,-8552.66,79,MONTHLY_EMA9_BREAK
INDIA_BROAD,TATACHEM,2021-11-01,2022-07-01,849.94,744.55,-12.4,-1094.48,166,MONTHLY_EMA9_BREAK
INDIA_BROAD,LPDC,2022-02-03,2022-07-01,10.08,6.38,-36.64,-7300.63,101,MONTHLY_EMA9_BREAK
INDIA_BROAD,ACCURACY,2022-02-03,2022-08-01,20.58,20.69,0.53,104.94,122,MONTHLY_EMA9_BREAK
INDIA_BROAD,ASAHIINDIA,2022-08-12,2023-01-02,558.73,517.19,-7.43,-1383.06,96,MONTHLY_EMA9_BREAK
INDIA_BROAD,ADANIENT,2022-10-06,2023-02-01,3272.22,2982.09,-8.87,-1784.04,81,MONTHLY_EMA9_BREAK
INDIA_BROAD,GSS,2022-08-01,2023-03-01,225.56,223.39,-0.96,-173.41,145,MONTHLY_EMA9_BREAK
INDIA_BROAD,WELENT,2023-02-16,2023-03-01,134.47,121.02,-10.01,-1854.7,9,MONTHLY_EMA9_BREAK
INDIA_BROAD,MAZDOCK,2023-01-23,2024-04-01,376.23,921.08,144.82,25475.28,290,MONTHLY_EMA9_BREAK
INDIA_BROAD,ELECON,2022-10-06,2024-11-01,170.16,575.53,238.23,41185.56,511,MONTHLY_EMA9_BREAK
INDIA_BROAD,AIAENG,2023-04-24,2024-11-01,2751.12,3802.28,38.21,8846.2,377,MONTHLY_EMA9_BREAK
INDIA_BROAD,JSL,2023-04-24,2024-11-01,264.46,669.86,153.3,21347.7,377,MONTHLY_EMA9_BREAK
INDIA_BROAD,ADANIPOWER,2024-04-01,2024-11-01,109.81,118.84,8.22,23.58,146,MONTHLY_EMA9_BREAK
INDIA_BROAD,TIINDIA,2021-02-01,2024-12-02,766.3,3571.81,366.11,19371.94,946,MONTHLY_EMA9_BREAK
INDIA_BROAD,INGERRAND,2021-12-31,2025-02-01,1044.44,3652.1,249.67,54302.98,763,MONTHLY_EMA9_BREAK
INDIA_BROAD,KEI,2022-02-02,2025-02-01,1104.93,4045.06,266.09,53016.11,741,MONTHLY_EMA9_BREAK
INDIA_BROAD,GRAVITA,2022-04-04,2025-03-03,333.82,1589.69,376.22,74865.12,720,MONTHLY_EMA9_BREAK
INDIA_BROAD,BEL,2022-10-06,2025-03-03,99.07,243.58,145.87,29350.12,594,MONTHLY_EMA9_BREAK
INDIA_BROAD,NITCO,2024-04-01,2025-03-03,58.85,96.09,63.29,27019.64,229,MONTHLY_EMA9_BREAK
INDIA_BROAD,IPCALAB,2024-12-06,2025-03-03,1496.97,1340.11,-10.48,-6310.3,60,MONTHLY_EMA9_BREAK
INDIA_BROAD,UNICHEMLAB,2024-12-10,2025-03-03,798.24,613.46,-23.15,-5669.7,58,MONTHLY_EMA9_BREAK
INDIA_BROAD,PANACEABIO,2025-06-06,2025-08-01,472.48,399.1,-15.53,-9193.77,40,MONTHLY_EMA9_BREAK
INDIA_BROAD,CHOLAFIN,2025-06-09,2025-08-01,1621.47,1437.25,-11.36,-6719.12,39,MONTHLY_EMA9_BREAK
INDIA_BROAD,SRF,2025-04-09,2025-09-01,2753.51,2831.26,2.82,1494.9,97,MONTHLY_EMA9_BREAK
INDIA_BROAD,BANARISUG,2025-06-09,2025-10-01,3986.49,3659.93,-8.19,-4844.72,80,MONTHLY_EMA9_BREAK
INDIA_BROAD,RAMANEWS,2025-05-09,2025-11-03,31.08,29.13,-6.28,-3548.16,122,MONTHLY_EMA9_BREAK
INDIA_BROAD,FMGOETZE,2025-08-18,2025-11-03,530.22,458.35,-13.55,-5129.09,52,MONTHLY_EMA9_BREAK
INDIA_BROAD,GOODLUCK,2025-11-10,2026-01-01,394.91,363.29,-8.01,-484.32,37,MONTHLY_EMA9_BREAK
INDIA_BROAD,HCG,2025-05-29,2026-02-02,553.28,589.62,6.57,3916.16,170,MONTHLY_EMA9_BREAK
INDIA_BROAD,HDFCAMC,2025-10-03,2026-02-02,2739.07,2410.02,-12.01,-6461.87,82,MONTHLY_EMA9_BREAK
INDIA_BROAD,ADANIPORTS,2025-06-23,2026-04-01,1338.71,1342.17,0.26,80.33,192,MONTHLY_EMA9_BREAK
INDIA_BROAD,MUTHOOTFIN,2025-08-18,2026-04-01,2783.46,3243.38,16.52,10404.62,153,MONTHLY_EMA9_BREAK
INDIA_BROAD,LUMAXIND,2026-01-01,2026-04-01,5251.93,4841.19,-7.82,-434.28,60,MONTHLY_EMA9_BREAK
INDIA_BROAD,BANKBARODA,2026-02-04,2026-04-01,277.73,244.46,-11.98,-11733.26,37,MONTHLY_EMA9_BREAK
INDIA_BROAD,NORBTEAEXP,2025-05-02,2026-05-04,40.05,63.54,58.65,32573.94,247,MONTHLY_EMA9_BREAK
INDIA_BROAD,FORCEMOT,2025-09-10,2026-07-01,18335.72,18643.28,1.68,964.12,200,MONTHLY_EMA9_BREAK
INDIA_LIQUID,ASIANPAINT,2019-04-12,2019-07-01,1344.51,1284.24,-4.48,-479.6,51,MONTHLY_EMA9_BREAK
INDIA_LIQUID,HAVELLS,2019-05-10,2019-08-01,699.95,610.77,-12.74,-1350.68,58,MONTHLY_EMA9_BREAK
INDIA_LIQUID,TRIVENI,2019-06-24,2019-08-01,62.89,50.42,-19.83,-2191.61,28,MONTHLY_EMA9_BREAK
INDIA_LIQUID,PRESTIGE,2019-05-15,2020-03-02,240.91,289.53,20.18,2135.55,197,MONTHLY_EMA9_BREAK
INDIA_LIQUID,BALRAMCHIN,2019-06-21,2020-03-02,132.37,136.98,3.49,386.28,171,MONTHLY_EMA9_BREAK
INDIA_LIQUID,BATAINDIA,2019-05-10,2020-04-01,1216.08,1106.67,-9.0,-953.83,221,MONTHLY_EMA9_BREAK
INDIA_LIQUID,MUTHOOTFIN,2019-05-13,2020-04-01,510.79,550.45,7.77,825.34,220,MONTHLY_EMA9_BREAK
INDIA_LIQUID,HONAUT,2019-06-27,2020-04-01,24167.25,25503.35,5.53,618.83,188,MONTHLY_EMA9_BREAK
INDIA_LIQUID,PIDILITIND,2019-09-23,2020-04-01,694.11,655.02,-5.63,-665.04,130,MONTHLY_EMA9_BREAK
INDIA_LIQUID,ATUL,2019-11-18,2020-04-01,3957.16,3892.19,-1.64,-194.35,94,MONTHLY_EMA9_BREAK
INDIA_LIQUID,DMART,2019-11-20,2020-08-03,1845.6,2063.53,11.81,1027.79,174,MONTHLY_EMA9_BREAK
INDIA_LIQUID,IPCALAB,2019-05-20,2021-02-01,452.98,913.55,101.68,10953.57,423,MONTHLY_EMA9_BREAK
INDIA_LIQUID,DRREDDY,2020-07-09,2021-03-01,749.12,853.92,13.99,1899.29,163,MONTHLY_EMA9_BREAK
INDIA_LIQUID,ITI,2020-09-11,2021-04-01,138.8,115.36,-16.88,-2656.98,138,MONTHLY_EMA9_BREAK
INDIA_LIQUID,COROMANDEL,2020-08-20,2021-05-03,729.2,698.97,-4.15,-632.13,173,MONTHLY_EMA9_BREAK
INDIA_LIQUID,ADANIGREEN,2020-07-27,2021-08-02,346.81,880.19,153.79,21925.74,254,MONTHLY_EMA9_BREAK
INDIA_LIQUID,APLLTD,2020-09-04,2021-08-02,871.74,744.07,-14.65,-2309.3,225,MONTHLY_EMA9_BREAK
INDIA_LIQUID,JUSTDIAL,2021-05-07,2021-11-01,834.53,798.0,-4.38,-635.03,121,MONTHLY_EMA9_BREAK
INDIA_LIQUID,LAURUSLABS,2021-08-02,2021-11-01,640.83,510.89,-20.28,-5049.91,62,MONTHLY_EMA9_BREAK
INDIA_LIQUID,RTNPOWER,2021-08-02,2021-11-01,6.77,3.84,-43.25,-10654.66,62,MONTHLY_EMA9_BREAK
INDIA_LIQUID,GPIL,2021-02-01,2021-12-01,23.97,51.48,114.8,20653.32,205,MONTHLY_EMA9_BREAK
INDIA_LIQUID,DIVISLAB,2019-05-13,2022-02-01,1572.15,3923.62,149.57,15896.38,676,MONTHLY_EMA9_BREAK
INDIA_LIQUID,LALPATHLAB,2020-09-02,2022-02-01,866.48,1441.45,66.36,10560.82,352,MONTHLY_EMA9_BREAK
INDIA_LIQUID,TATACONSUM,2020-09-28,2022-02-01,491.57,700.55,42.51,4621.59,334,MONTHLY_EMA9_BREAK
INDIA_LIQUID,WIPRO,2021-03-02,2022-02-01,192.17,264.63,37.7,5742.71,227,MONTHLY_EMA9_BREAK
INDIA_LIQUID,SAKSOFT,2021-11-02,2022-05-02,73.08,63.81,-12.69,-185.63,122,MONTHLY_EMA9_BREAK
INDIA_LIQUID,TANLA,2021-04-05,2022-06-01,810.41,1235.59,52.46,6891.34,287,MONTHLY_EMA9_BREAK
INDIA_LIQUID,CHAMBLFERT,2022-02-04,2022-06-01,367.11,329.28,-10.3,-2196.89,78,MONTHLY_EMA9_BREAK
INDIA_LIQUID,TATACHEM,2021-11-01,2022-07-01,849.94,744.55,-12.4,-2860.52,166,MONTHLY_EMA9_BREAK
INDIA_LIQUID,ASAHIINDIA,2022-08-12,2023-01-02,558.73,517.19,-7.43,-1714.41,96,MONTHLY_EMA9_BREAK
INDIA_LIQUID,MAHSEAMLES,2022-09-30,2023-01-02,365.78,309.35,-15.43,-3624.7,63,MONTHLY_EMA9_BREAK
INDIA_LIQUID,ADANIPOWER,2022-10-07,2023-01-02,75.17,60.45,-19.58,-2217.99,59,MONTHLY_EMA9_BREAK
INDIA_LIQUID,ADANIENT,2022-10-06,2023-02-01,3272.22,2982.09,-8.87,-2133.98,81,MONTHLY_EMA9_BREAK
INDIA_LIQUID,MAZDOCK,2023-01-23,2024-04-01,376.23,921.08,144.82,35651.11,290,MONTHLY_EMA9_BREAK
INDIA_LIQUID,DRREDDY,2024-04-01,2024-06-03,1223.21,1162.84,-4.94,-190.41,41,MONTHLY_EMA9_BREAK
INDIA_LIQUID,ELECON,2022-10-06,2024-11-01,170.16,575.53,238.23,57335.17,511,MONTHLY_EMA9_BREAK
INDIA_LIQUID,AIAENG,2023-04-24,2024-11-01,2751.12,3802.28,38.21,10068.71,377,MONTHLY_EMA9_BREAK
INDIA_LIQUID,JSL,2023-04-24,2024-11-01,264.46,669.86,153.3,38487.12,377,MONTHLY_EMA9_BREAK
INDIA_LIQUID,ADANIPOWER,2024-04-01,2024-11-01,109.81,118.84,8.22,4627.88,146,MONTHLY_EMA9_BREAK
INDIA_LIQUID,TIINDIA,2021-02-01,2024-12-02,766.3,3571.81,366.11,13517.34,946,MONTHLY_EMA9_BREAK
INDIA_LIQUID,HAL,2021-11-01,2025-01-01,608.64,4081.78,570.64,131637.96,782,MONTHLY_EMA9_BREAK
INDIA_LIQUID,KEI,2022-02-02,2025-02-01,1104.93,4045.06,266.09,57019.3,741,MONTHLY_EMA9_BREAK
INDIA_LIQUID,SHILPAMED,2024-06-03,2025-02-01,249.32,353.53,41.8,1530.12,168,MONTHLY_EMA9_BREAK
INDIA_LIQUID,GRAVITA,2022-04-04,2025-03-03,333.82,1589.69,376.22,84459.8,720,MONTHLY_EMA9_BREAK
INDIA_LIQUID,BEL,2022-10-06,2025-03-03,99.07,243.58,145.87,35107.18,594,MONTHLY_EMA9_BREAK
INDIA_LIQUID,IPCALAB,2024-12-06,2025-03-03,1496.97,1340.11,-10.48,-7707.77,60,MONTHLY_EMA9_BREAK
INDIA_LIQUID,KITEX,2025-01-02,2025-03-03,234.96,156.19,-33.52,-24478.51,42,MONTHLY_EMA9_BREAK
INDIA_LIQUID,CHOLAFIN,2025-06-09,2025-08-01,1621.47,1437.25,-11.36,-8364.5,39,MONTHLY_EMA9_BREAK
INDIA_LIQUID,AXISBANK,2025-07-07,2025-08-01,1179.63,1061.52,-10.01,-7594.53,19,MONTHLY_EMA9_BREAK
INDIA_LIQUID,SRF,2025-04-09,2025-09-01,2753.51,2831.26,2.82,1927.33,97,MONTHLY_EMA9_BREAK
INDIA_LIQUID,KITEX,2025-07-24,2025-09-01,268.8,181.06,-32.64,-25779.72,25,MONTHLY_EMA9_BREAK
INDIA_LIQUID,BSE,2025-07-10,2025-10-01,2534.26,2037.51,-19.6,-14938.62,57,MONTHLY_EMA9_BREAK
INDIA_LIQUID,COROMANDEL,2025-08-18,2025-11-03,2367.19,2099.88,-11.29,-5241.43,52,MONTHLY_EMA9_BREAK
INDIA_LIQUID,SUDARSCHEM,2025-09-16,2025-11-03,1395.08,1141.63,-18.17,-9118.63,32,MONTHLY_EMA9_BREAK
INDIA_LIQUID,ERIS,2025-08-18,2026-01-01,1748.1,1505.13,-13.9,-10848.05,93,MONTHLY_EMA9_BREAK
INDIA_LIQUID,HDFCAMC,2025-10-03,2026-02-02,2739.07,2410.02,-12.01,-7292.16,82,MONTHLY_EMA9_BREAK
INDIA_LIQUID,ADANIPORTS,2025-06-23,2026-04-01,1338.71,1342.17,0.26,193.09,192,MONTHLY_EMA9_BREAK
INDIA_LIQUID,ABCAPITAL,2025-08-01,2026-04-01,257.14,302.24,17.54,13348.59,163,MONTHLY_EMA9_BREAK
INDIA_LIQUID,MFSL,2025-08-08,2026-04-01,1548.16,1511.31,-2.38,-1822.33,158,MONTHLY_EMA9_BREAK
INDIA_LIQUID,MUTHOOTFIN,2025-08-18,2026-04-01,2783.46,3243.38,16.52,12895.96,153,MONTHLY_EMA9_BREAK
INDIA_LIQUID,BANKBARODA,2026-02-04,2026-04-01,277.73,244.46,-11.98,-12338.8,37,MONTHLY_EMA9_BREAK
INDIA_LIQUID,FORCEMOT,2025-09-10,2026-07-01,18335.72,18643.28,1.68,1350.85,200,MONTHLY_EMA9_BREAK
USA_BROAD,GNRC,2018-01-04,2018-04-02,50.1,44.61,-10.95,-109.25,60,DEAD_MONEY_EVICTION_(60D_<_+3%)
USA_BROAD,EXLS,2018-01-04,2018-04-02,12.22,10.99,-10.03,-100.03,60,MONTHLY_EMA13_BREAK
USA_BROAD,ALL,2018-01-08,2018-04-04,83.52,79.84,-4.41,-44.35,60,DEAD_MONEY_EVICTION_(60D_<_+3%)
USA_BROAD,FIX,2018-01-11,2018-04-09,41.59,38.24,-8.05,-80.67,60,DEAD_MONEY_EVICTION_(60D_<_+3%)
USA_BROAD,CF,2018-01-19,2018-04-16,32.55,31.19,-4.17,-42.87,60,DEAD_MONEY_EVICTION_(60D_<_+3%)
USA_BROAD,DHI,2018-02-01,2018-04-27,43.66,41.05,-5.97,-61.32,60,DEAD_MONEY_EVICTION_(60D_<_+3%)
USA_BROAD,HII,2018-01-05,2018-05-01,196.8,197.95,0.58,5.83,80,DEAD_MONEY_EVICTION_(60D_<_+3%)
USA_BROAD,GMED,2018-05-07,2018-07-31,50.04,51.45,2.84,29.19,60,DEAD_MONEY_EVICTION_(60D_<_+3%)
USA_BROAD,CBRE,2018-04-30,2018-08-13,45.33,46.06,1.6,16.32,74,DEAD_MONEY_EVICTION_(60D_<_+3%)
USA_BROAD,FERG,2018-06-14,2018-09-07,66.99,65.89,-1.64,-18.45,60,DEAD_MONEY_EVICTION_(60D_<_+3%)
USA_BROAD,GWRE,2018-06-11,2018-10-10,89.59,89.45,-0.17,-1.88,86,DEAD_MONEY_EVICTION_(60D_<_+3%)
USA_BROAD,CUBE,2018-07-20,2018-10-12,21.69,19.66,-9.36,-12.16,60,DEAD_MONEY_EVICTION_(60D_<_+3%)
USA_BROAD,INTC,2018-01-12,2018-10-24,36.32,36.26,-0.16,-1.58,198,DEAD_MONEY_EVICTION_(60D_<_+3%)
USA_BROAD,INTU,2018-08-01,2018-10-24,192.78,190.33,-1.27,-13.44,60,DEAD_MONEY_EVICTION_(60D_<_+3%)
USA_BROAD,ALGN,2018-01-03,2018-10-25,231.32,231.95,0.28,2.76,206,DEAD_MONEY_EVICTION_(60D_<_+3%)
USA_BROAD,COP,2018-08-17,2018-11-09,53.42,51.26,-4.05,-41.32,60,DEAD_MONEY_EVICTION_(60D_<_+3%)
USA_BROAD,LOPE,2018-05-04,2018-12-13,105.45,108.25,2.65,27.08,155,DEAD_MONEY_EVICTION_(60D_<_+3%)
USA_BROAD,HUM,2018-05-11,2018-12-18,264.86,272.24,2.79,29.31,153,DEAD_MONEY_EVICTION_(60D_<_+3%)
USA_BROAD,ENSG,2018-09-14,2018-12-21,33.83,34.01,0.53,5.93,69,DEAD_MONEY_EVICTION_(60D_<_+3%)
USA_BROAD,DINO,2018-02-01,2018-12-24,36.07,36.16,0.27,2.62,226,DEAD_MONEY_EVICTION_(60D_<_+3%)
USA_BROAD,DUK,2018-12-27,2019-05-09,63.26,64.5,1.97,19.15,92,DEAD_MONEY_EVICTION_(60D_<_+3%)
USA_BROAD,CUZ,2019-03-27,2019-06-20,27.65,28.32,2.42,25.47,60,DEAD_MONEY_EVICTION_(60D_<_+3%)
USA_BROAD,GHC,2019-03-22,2019-06-26,620.48,632.91,2.0,20.84,67,DEAD_MONEY_EVICTION_(60D_<_+3%)
USA_BROAD,EXC,2018-12-28,2019-07-31,24.53,25.05,2.12,20.77,148,DEAD_MONEY_EVICTION_(60D_<_+3%)
USA_BROAD,TAC,2019-05-10,2019-08-05,5.94,5.25,-11.68,-115.82,60,DEAD_MONEY_EVICTION_(60D_<_+3%)
USA_BROAD,GLPI,2019-06-28,2019-09-23,25.65,25.92,1.05,11.29,60,DEAD_MONEY_EVICTION_(60D_<_+3%)
USA_BROAD,ESNT,2019-06-27,2019-09-30,41.28,42.25,2.34,25.21,66,DEAD_MONEY_EVICTION_(60D_<_+3%)
USA_BROAD,FDS,2019-08-01,2019-10-01,260.05,223.78,-13.95,-139.38,43,MONTHLY_EMA13_BREAK
USA_BROAD,WIX,2019-08-30,2019-10-01,140.32,114.15,-18.65,-170.82,22,MONTHLY_EMA13_BREAK
USA_BROAD,BSX,2019-03-22,2019-10-08,37.32,37.85,1.43,14.84,139,DEAD_MONEY_EVICTION_(60D_<_+3%)
USA_BROAD,CHD,2018-12-27,2019-11-12,59.89,61.63,2.91,28.35,222,DEAD_MONEY_EVICTION_(60D_<_+3%)
USA_BROAD,MEDP,2019-10-07,2020-01-03,80.33,82.49,2.69,28.98,62,DEAD_MONEY_EVICTION_(60D_<_+3%)
USA_BROAD,CSWC,2019-10-07,2020-01-03,9.29,9.56,2.92,17.32,62,DEAD_MONEY_EVICTION_(60D_<_+3%)
USA_BROAD,HIG,2019-10-07,2020-01-07,50.91,51.97,2.08,22.49,64,DEAD_MONEY_EVICTION_(60D_<_+3%)
USA_BROAD,EVRG,2019-10-14,2020-01-08,48.82,48.91,0.18,1.86,60,DEAD_MONEY_EVICTION_(60D_<_+3%)
USA_BROAD,ARCC,2019-10-07,2020-02-25,9.4,9.33,-0.74,-7.97,97,DEAD_MONEY_EVICTION_(60D_<_+3%)
USA_BROAD,EXR,2019-02-25,2020-03-02,70.51,82.13,16.47,168.57,257,MONTHLY_EMA13_BREAK
USA_BROAD,BRX,2020-01-06,2020-03-02,15.56,13.91,-10.6,-115.4,39,MONTHLY_EMA13_BREAK
USA_BROAD,AVY,2020-01-10,2020-03-02,114.72,107.03,-6.71,-72.81,35,MONTHLY_EMA13_BREAK
USA_BROAD,GPK,2020-01-13,2020-03-02,14.61,12.21,-16.44,-178.93,34,MONTHLY_EMA13_BREAK
USA_BROAD,ARWR,2020-01-15,2020-03-02,56.96,35.48,-37.71,-219.32,32,MONTHLY_EMA13_BREAK
USA_BROAD,KDP,2019-02-28,2020-03-09,20.94,20.77,-0.79,-8.05,259,DEAD_MONEY_EVICTION_(60D_<_+3%)
USA_BROAD,FE,2019-04-08,2020-03-12,29.78,29.31,-1.57,-13.36,235,DEAD_MONEY_EVICTION_(60D_<_+3%)
USA_BROAD,PALL,2019-11-13,2020-03-13,32.22,32.82,1.85,18.57,83,DEAD_MONEY_EVICTION_(60D_<_+3%)
USA_BROAD,AON,2019-03-07,2020-03-17,153.4,156.47,2.0,20.23,260,DEAD_MONEY_EVICTION_(60D_<_+3%)
USA_BROAD,AUPH,2020-03-03,2020-05-27,17.97,15.92,-11.39,-120.16,60,DEAD_MONEY_EVICTION_(60D_<_+3%)
USA_BROAD,AXSM,2020-03-03,2020-05-27,85.59,78.41,-8.39,-88.51,60,DEAD_MONEY_EVICTION_(60D_<_+3%)
USA_BROAD,KOLD,2020-04-09,2020-08-03,520.06,403.6,-22.39,-205.46,80,DEAD_MONEY_EVICTION_(60D_<_+3%)
USA_BROAD,BMRN,2020-08-13,2020-09-01,116.93,75.96,-35.04,-375.59,14,MONTHLY_EMA13_BREAK
USA_BROAD,APPF,2020-07-20,2020-10-21,152.85,157.35,2.95,31.56,67,DEAD_MONEY_EVICTION_(60D_<_+3%)
USA_BROAD,FNV,2020-08-13,2020-11-05,140.23,142.06,1.3,13.97,60,DEAD_MONEY_EVICTION_(60D_<_+3%)
USA_BROAD,B,2020-08-14,2020-11-09,22.88,22.84,-0.15,-1.67,61,DEAD_MONEY_EVICTION_(60D_<_+3%)
USA_BROAD,SA,2020-08-14,2020-11-19,17.56,18.05,2.8,30.46,69,DEAD_MONEY_EVICTION_(60D_<_+3%)
USA_BROAD,CWH,2020-08-27,2020-11-19,23.11,21.96,-4.98,-38.05,60,DEAD_MONEY_EVICTION_(60D_<_+3%)
USA_BROAD,QGEN,2020-09-08,2020-12-01,47.64,47.8,0.33,2.29,60,DEAD_MONEY_EVICTION_(60D_<_+3%)
USA_BROAD,CNI,2020-10-26,2021-01-27,90.93,90.52,-0.44,-4.83,64,DEAD_MONEY_EVICTION_(60D_<_+3%)
USA_BROAD,ASND,2020-11-23,2021-02-19,158.56,158.48,-0.05,-0.63,60,DEAD_MONEY_EVICTION_(60D_<_+3%)
USA_BROAD,ONC,2020-11-11,2021-03-04,285.14,289.08,1.38,12.78,77,DEAD_MONEY_EVICTION_(60D_<_+3%)
USA_BROAD,ARWR,2020-11-30,2021-03-24,62.56,62.79,0.36,2.03,79,DEAD_MONEY_EVICTION_(60D_<_+3%)
USA_BROAD,PLUG,2021-02-22,2021-05-17,48.62,24.93,-48.73,-615.5,60,DEAD_MONEY_EVICTION_(60D_<_+3%)
USA_BROAD,PAR,2021-03-08,2021-06-01,67.65,67.99,0.49,4.61,60,DEAD_MONEY_EVICTION_(60D_<_+3%)
USA_BROAD,AEG,2021-03-25,2021-06-18,3.57,3.19,-10.75,-60.15,60,DEAD_MONEY_EVICTION_(60D_<_+3%)
USA_BROAD,FLUT,2020-07-15,2021-08-02,144.07,167.92,16.55,175.41,265,MONTHLY_EMA13_BREAK
USA_BROAD,CMI,2020-12-09,2021-08-05,196.63,202.19,2.82,19.96,165,DEAD_MONEY_EVICTION_(60D_<_+3%)
USA_BROAD,SMPL,2021-05-19,2021-08-17,34.4,35.3,2.63,17.06,63,DEAD_MONEY_EVICTION_(60D_<_+3%)
USA_BROAD,FCN,2021-06-04,2021-08-27,137.87,139.44,1.14,10.6,60,DEAD_MONEY_EVICTION_(60D_<_+3%)
USA_BROAD,ZM,2020-08-13,2021-09-01,247.37,290.71,17.52,187.82,266,MONTHLY_EMA13_BREAK
USA_BROAD,LOGI,2020-11-11,2021-10-01,76.66,82.63,7.78,93.72,224,MONTHLY_EMA13_BREAK
USA_BROAD,CCI,2021-08-30,2021-10-01,151.29,136.94,-9.49,-89.16,24,MONTHLY_EMA13_BREAK
USA_BROAD,HRB,2021-06-21,2021-10-27,20.24,19.68,-2.79,-13.92,91,DEAD_MONEY_EVICTION_(60D_<_+3%)
USA_BROAD,COKE,2021-08-06,2021-10-29,37.57,38.32,2.02,14.67,60,DEAD_MONEY_EVICTION_(60D_<_+3%)
USA_BROAD,SNAP,2020-08-05,2021-11-01,21.71,53.95,148.51,1640.33,314,MONTHLY_EMA13_BREAK
USA_BROAD,CVNA,2021-09-02,2021-11-26,64.04,58.19,-9.12,-114.91,60,DEAD_MONEY_EVICTION_(60D_<_+3%)
USA_BROAD,GNRC,2021-08-04,2021-12-01,400.44,403.37,0.73,9.02,84,DEAD_MONEY_EVICTION_(60D_<_+3%)
USA_BROAD,FCFS,2021-10-15,2021-12-01,81.24,59.13,-27.21,-368.85,33,MONTHLY_EMA13_BREAK
USA_BROAD,TW,2021-08-20,2022-01-25,84.83,87.19,2.77,18.41,109,DEAD_MONEY_EVICTION_(60D_<_+3%)
USA_BROAD,FSK,2021-10-29,2022-01-25,10.49,10.66,1.6,7.78,60,DEAD_MONEY_EVICTION_(60D_<_+3%)
USA_BROAD,LHX,2021-11-01,2022-01-26,201.41,203.31,0.94,6.99,60,DEAD_MONEY_EVICTION_(60D_<_+3%)
USA_BROAD,BIO,2020-06-26,2022-02-01,432.77,609.58,40.86,434.17,404,MONTHLY_EMA13_BREAK
USA_BROAD,BRKR,2021-11-29,2022-02-01,82.51,66.1,-19.89,-248.15,45,MONTHLY_EMA13_BREAK
USA_BROAD,DDOG,2021-12-03,2022-03-01,164.3,159.89,-2.69,-33.05,60,DEAD_MONEY_EVICTION_(60D_<_+3%)
USA_BROAD,HLI,2021-12-03,2022-03-01,96.91,92.26,-4.81,-59.14,60,DEAD_MONEY_EVICTION_(60D_<_+3%)
USA_BROAD,EPC,2022-02-03,2022-03-01,40.85,32.25,-21.04,-243.4,18,MONTHLY_EMA13_BREAK
USA_BROAD,SYNA,2021-10-15,2022-04-06,173.63,170.32,-1.9,-15.92,120,DEAD_MONEY_EVICTION_(60D_<_+3%)
USA_BROAD,IVT,2022-02-09,2022-06-13,22.49,22.31,-0.82,-9.5,86,DEAD_MONEY_EVICTION_(60D_<_+3%)
USA_BROAD,WLK,2022-04-11,2022-07-01,106.42,91.92,-13.63,-175.45,57,MONTHLY_EMA13_BREAK
USA_BROAD,ACI,2022-04-14,2022-07-01,21.51,18.34,-14.73,-192.25,54,MONTHLY_EMA13_BREAK
USA_BROAD,ZIM,2022-04-08,2022-07-06,19.25,14.59,-24.19,-308.55,60,DEAD_MONEY_EVICTION_(60D_<_+3%)
USA_BROAD,AIZ,2021-01-28,2022-09-01,121.57,149.94,23.34,253.17,403,MONTHLY_EMA13_BREAK
USA_BROAD,MOS,2021-11-04,2023-01-03,34.52,38.36,11.13,143.55,292,MONTHLY_EMA13_BREAK
USA_BROAD,TE,2022-12-05,2023-01-03,12.07,8.47,-29.84,-327.61,20,MONTHLY_EMA13_BREAK
USA_BROAD,HURN,2022-09-08,2023-01-30,65.5,66.7,1.82,19.2,99,DEAD_MONEY_EVICTION_(60D_<_+3%)
USA_BROAD,GPC,2023-01-05,2023-03-31,151.7,151.26,-0.29,-3.06,60,DEAD_MONEY_EVICTION_(60D_<_+3%)
USA_BROAD,ACT,2023-02-09,2023-04-03,21.85,20.69,-5.33,-37.22,37,MONTHLY_EMA13_BREAK
USA_BROAD,MGRC,2023-01-25,2023-04-20,89.18,84.37,-5.4,-59.22,60,DEAD_MONEY_EVICTION_(60D_<_+3%)
USA_BROAD,EXTR,2023-01-27,2023-04-24,17.52,16.26,-7.17,-79.21,60,DEAD_MONEY_EVICTION_(60D_<_+3%)
USA_BROAD,TTE,2023-02-06,2023-05-02,50.61,51.59,1.94,21.76,60,DEAD_MONEY_EVICTION_(60D_<_+3%)
USA_BROAD,SLB,2023-02-06,2023-05-02,48.73,42.54,-12.69,-142.58,60,DEAD_MONEY_EVICTION_(60D_<_+3%)
USA_BROAD,GILD,2023-02-06,2023-05-02,76.81,72.15,-6.06,-68.1,60,DEAD_MONEY_EVICTION_(60D_<_+3%)
USA_BROAD,SUPN,2023-02-09,2023-05-05,39.02,36.69,-5.97,-67.27,60,DEAD_MONEY_EVICTION_(60D_<_+3%)
USA_BROAD,ULTA,2023-05-08,2023-06-01,515.99,403.63,-21.78,-245.89,18,MONTHLY_EMA13_BREAK
USA_BROAD,FRO,2023-04-06,2023-07-03,10.37,10.62,2.38,26.76,60,DEAD_MONEY_EVICTION_(60D_<_+3%)
USA_BROAD,TNK,2023-04-06,2023-07-03,33.37,33.92,1.63,10.13,60,DEAD_MONEY_EVICTION_(60D_<_+3%)
USA_BROAD,FOUR,2023-04-21,2023-07-21,65.56,67.46,2.89,29.97,63,DEAD_MONEY_EVICTION_(60D_<_+3%)
USA_BROAD,MMS,2023-05-08,2023-08-03,75.08,75.4,0.42,4.73,61,DEAD_MONEY_EVICTION_(60D_<_+3%)
USA_BROAD,MDLZ,2023-06-02,2023-08-28,67.77,65.57,-3.25,-28.69,60,DEAD_MONEY_EVICTION_(60D_<_+3%)
USA_BROAD,FLUT,2023-07-10,2023-10-02,192.65,160.92,-16.47,-197.65,60,MONTHLY_EMA13_BREAK
USA_BROAD,COCO,2023-07-11,2023-10-18,24.49,25.01,2.1,12.33,71,DEAD_MONEY_EVICTION_(60D_<_+3%)
USA_BROAD,RYAAY,2023-07-27,2023-10-19,38.43,34.57,-10.05,-107.94,60,DEAD_MONEY_EVICTION_(60D_<_+3%)
USA_BROAD,TAP,2023-08-07,2023-10-30,58.69,51.78,-11.79,-134.09,60,DEAD_MONEY_EVICTION_(60D_<_+3%)
USA_BROAD,JBL,2023-08-29,2023-11-29,114.8,114.59,-0.18,-1.51,65,DEAD_MONEY_EVICTION_(60D_<_+3%)
USA_BROAD,LAUR,2023-11-06,2024-02-01,12.73,12.95,1.75,20.5,60,DEAD_MONEY_EVICTION_(60D_<_+3%)
USA_BROAD,RMBS,2023-04-27,2024-05-01,44.91,52.72,17.39,178.1,255,MONTHLY_EMA13_BREAK
USA_BROAD,LION,2024-05-06,2024-06-03,10.73,8.25,-23.12,-276.71,20,MONTHLY_EMA13_BREAK
USA_BROAD,KOF,2023-01-05,2024-07-01,59.08,77.29,30.81,324.36,373,MONTHLY_EMA13_BREAK
USA_BROAD,ELF,2023-01-17,2024-09-03,53.65,140.16,161.26,1756.55,410,MONTHLY_EMA13_BREAK
USA_BROAD,WM,2024-06-05,2024-09-04,197.23,203.03,2.94,26.77,63,DEAD_MONEY_EVICTION_(60D_<_+3%)
USA_BROAD,INSW,2023-12-01,2024-11-01,34.42,35.95,4.43,37.55,232,MONTHLY_EMA13_BREAK
USA_BROAD,MYGN,2024-09-06,2024-11-01,26.98,17.98,-33.36,-555.34,41,MONTHLY_EMA13_BREAK
USA_BROAD,EGO,2024-09-06,2024-11-29,15.74,15.9,1.04,17.26,60,DEAD_MONEY_EVICTION_(60D_<_+3%)
USA_BROAD,MSI,2024-11-04,2025-01-31,449.86,461.34,2.55,44.95,60,DEAD_MONEY_EVICTION_(60D_<_+3%)
USA_BROAD,HROW,2024-11-04,2025-01-31,45.85,30.7,-33.04,-251.62,60,DEAD_MONEY_EVICTION_(60D_<_+3%)
USA_BROAD,ASPI,2024-12-02,2025-02-28,5.1,4.76,-6.76,-113.64,60,DEAD_MONEY_EVICTION_(60D_<_+3%)
USA_BROAD,CSW,2023-11-06,2025-03-03,168.04,302.09,79.78,932.02,330,MONTHLY_EMA13_BREAK
USA_BROAD,VIST,2023-05-08,2025-05-01,21.04,44.58,111.87,1263.18,498,MONTHLY_EMA13_BREAK
USA_BROAD,WSM,2024-02-02,2025-05-01,96.54,152.98,58.47,694.74,312,MONTHLY_EMA13_BREAK
USA_BROAD,TAK,2025-05-12,2025-08-01,14.2,14.15,-0.31,-6.18,57,MONTHLY_EMA13_BREAK
USA_BROAD,EZPW,2025-05-09,2025-08-05,14.85,14.67,-1.18,-23.21,60,DEAD_MONEY_EVICTION_(60D_<_+3%)
USA_BROAD,KR,2025-05-16,2025-08-13,67.02,68.39,2.05,40.54,61,DEAD_MONEY_EVICTION_(60D_<_+3%)
USA_BROAD,MWA,2025-05-09,2025-09-09,24.12,24.38,1.05,20.73,84,DEAD_MONEY_EVICTION_(60D_<_+3%)
USA_BROAD,SFM,2023-11-03,2025-10-01,41.66,107.11,157.09,1815.75,478,MONTHLY_EMA13_BREAK
USA_BROAD,SPNT,2025-08-07,2025-10-30,18.04,18.18,0.79,16.43,60,DEAD_MONEY_EVICTION_(60D_<_+3%)
USA_BROAD,CVSA,2025-10-31,2025-11-03,98.07,95.55,-2.57,-57.63,2,MONTHLY_EMA13_BREAK
USA_BROAD,TPR,2025-08-18,2025-11-11,98.69,101.07,2.42,49.99,61,DEAD_MONEY_EVICTION_(60D_<_+3%)
USA_BROAD,FNMAS,2025-02-03,2026-02-02,11.06,13.39,21.15,423.83,251,MONTHLY_EMA13_BREAK
USA_BROAD,ALNY,2025-11-06,2026-02-02,440.71,338.94,-23.09,-510.49,59,MONTHLY_EMA13_BREAK
USA_BROAD,PACS,2026-02-03,2026-04-29,36.8,33.38,-9.28,-218.32,60,DEAD_MONEY_EVICTION_(60D_<_+3%)
USA_BROAD,FIGS,2026-02-03,2026-06-22,10.84,11.15,2.94,69.26,96,DEAD_MONEY_EVICTION_(60D_<_+3%)
USA_BROAD,TER,2026-05-01,2026-07-28,345.46,320.49,-7.23,-191.34,60,DEAD_MONEY_EVICTION_(60D_<_+3%)
USA_BROAD,CELC,2025-10-03,2026-08-03,50.54,87.68,73.5,1497.73,208,MONTHLY_EMA13_BREAK
USA_LIQUID,FLEX,2018-02-02,2018-04-02,13.41,12.04,-10.16,-103.9,40,MONTHLY_EMA13_BREAK
USA_LIQUID,JNJ,2018-02-02,2018-04-02,108.96,99.11,-9.04,-92.48,40,MONTHLY_EMA13_BREAK
USA_LIQUID,ALL,2018-01-08,2018-04-04,83.52,79.84,-4.41,-44.16,60,DEAD_MONEY_EVICTION_(60D_<_+3%)
USA_LIQUID,FIX,2018-01-11,2018-04-09,41.59,38.24,-8.05,-80.34,60,DEAD_MONEY_EVICTION_(60D_<_+3%)
USA_LIQUID,CF,2018-01-19,2018-04-16,32.55,31.19,-4.17,-42.06,60,DEAD_MONEY_EVICTION_(60D_<_+3%)
USA_LIQUID,DHI,2018-02-01,2018-04-27,43.66,41.05,-5.97,-61.09,60,DEAD_MONEY_EVICTION_(60D_<_+3%)
USA_LIQUID,MCD,2018-02-02,2018-04-30,138.75,137.89,-0.62,-6.34,60,DEAD_MONEY_EVICTION_(60D_<_+3%)
USA_LIQUID,BA,2018-03-19,2018-06-21,317.88,324.83,2.18,21.97,67,DEAD_MONEY_EVICTION_(60D_<_+3%)
USA_LIQUID,CBRE,2018-04-30,2018-08-13,45.33,46.06,1.6,15.8,74,DEAD_MONEY_EVICTION_(60D_<_+3%)
USA_LIQUID,LVS,2018-06-27,2018-09-04,64.73,54.93,-15.14,-148.55,48,MONTHLY_EMA13_BREAK
USA_LIQUID,FERG,2018-06-14,2018-09-07,66.99,65.89,-1.64,-16.75,60,DEAD_MONEY_EVICTION_(60D_<_+3%)
USA_LIQUID,INTC,2018-01-12,2018-10-24,36.32,36.26,-0.16,-1.57,198,DEAD_MONEY_EVICTION_(60D_<_+3%)
USA_LIQUID,INTU,2018-08-01,2018-10-24,192.78,190.33,-1.27,-12.47,60,DEAD_MONEY_EVICTION_(60D_<_+3%)
USA_LIQUID,ADBE,2018-08-01,2018-10-24,248.13,238.32,-3.95,-38.8,60,DEAD_MONEY_EVICTION_(60D_<_+3%)
USA_LIQUID,COP,2018-08-17,2018-11-09,53.42,51.26,-4.05,-40.02,60,DEAD_MONEY_EVICTION_(60D_<_+3%)
USA_LIQUID,AMZN,2018-04-05,2018-11-20,72.62,74.74,2.91,28.42,161,DEAD_MONEY_EVICTION_(60D_<_+3%)
USA_LIQUID,LULU,2018-08-01,2018-11-20,120.61,121.33,0.6,2.47,79,DEAD_MONEY_EVICTION_(60D_<_+3%)
USA_LIQUID,HUM,2018-05-11,2018-12-18,264.86,272.24,2.79,28.1,153,DEAD_MONEY_EVICTION_(60D_<_+3%)
USA_LIQUID,FTNT,2018-08-01,2018-12-21,12.93,13.16,1.82,17.83,100,DEAD_MONEY_EVICTION_(60D_<_+3%)
USA_LIQUID,DUK,2018-12-27,2019-05-09,63.26,64.5,1.97,18.79,92,DEAD_MONEY_EVICTION_(60D_<_+3%)
USA_LIQUID,GOOG,2019-05-06,2019-06-03,58.98,51.33,-12.96,-133.13,20,MONTHLY_EMA13_BREAK
USA_LIQUID,GOOGL,2019-05-06,2019-06-03,59.18,51.45,-13.05,-134.02,20,MONTHLY_EMA13_BREAK
USA_LIQUID,EXC,2019-05-10,2019-08-01,27.26,24.69,-9.42,-94.67,58,MONTHLY_EMA13_BREAK
USA_LIQUID,BSX,2019-03-22,2019-10-08,37.32,37.85,1.43,14.48,139,DEAD_MONEY_EVICTION_(60D_<_+3%)
USA_LIQUID,HON,2019-07-19,2019-10-11,147.48,139.98,-5.09,-43.57,60,DEAD_MONEY_EVICTION_(60D_<_+3%)
USA_LIQUID,MDLZ,2019-08-02,2019-10-25,45.12,44.47,-1.44,-13.05,60,DEAD_MONEY_EVICTION_(60D_<_+3%)
USA_LIQUID,MDT,2019-10-24,2020-02-26,86.69,87.73,1.2,12.35,85,DEAD_MONEY_EVICTION_(60D_<_+3%)
USA_LIQUID,CMG,2019-10-25,2020-02-27,15.77,15.1,-4.2,-33.89,85,DEAD_MONEY_EVICTION_(60D_<_+3%)
USA_LIQUID,DUK,2019-10-31,2020-02-27,71.61,73.58,2.75,24.51,81,DEAD_MONEY_EVICTION_(60D_<_+3%)
USA_LIQUID,AZO,2018-09-20,2020-03-02,762.29,1046.37,37.27,376.72,363,MONTHLY_EMA13_BREAK
USA_LIQUID,LHX,2019-07-03,2020-03-09,161.21,164.22,1.87,19.95,172,DEAD_MONEY_EVICTION_(60D_<_+3%)
USA_LIQUID,ALL,2019-05-13,2020-03-11,79.46,79.82,0.45,2.34,210,DEAD_MONEY_EVICTION_(60D_<_+3%)
USA_LIQUID,DHR,2019-04-22,2020-03-12,108.79,110.8,1.85,18.48,226,DEAD_MONEY_EVICTION_(60D_<_+3%)
USA_LIQUID,INTU,2019-05-01,2020-03-12,231.6,227.05,-1.96,-20.13,219,DEAD_MONEY_EVICTION_(60D_<_+3%)
USA_LIQUID,KDP,2018-09-06,2020-03-16,18.9,16.65,-11.9,-99.4,383,DEAD_MONEY_EVICTION_(60D_<_+3%)
USA_LIQUID,AON,2019-03-07,2020-03-17,153.4,156.47,2.0,19.7,260,DEAD_MONEY_EVICTION_(60D_<_+3%)
USA_LIQUID,SAP,2020-09-10,2020-11-02,143.88,95.67,-33.51,-489.73,38,MONTHLY_EMA13_BREAK
USA_LIQUID,B,2020-08-14,2020-11-09,22.88,22.84,-0.15,-2.06,61,DEAD_MONEY_EVICTION_(60D_<_+3%)
USA_LIQUID,CLX,2020-08-27,2020-11-19,181.1,166.84,-7.87,-113.61,60,DEAD_MONEY_EVICTION_(60D_<_+3%)
USA_LIQUID,W,2020-11-11,2021-02-24,251.87,258.0,2.44,37.56,71,DEAD_MONEY_EVICTION_(60D_<_+3%)
USA_LIQUID,TSLA,2021-02-25,2021-05-20,227.52,195.5,-14.08,-222.26,60,DEAD_MONEY_EVICTION_(60D_<_+3%)
USA_LIQUID,FLUT,2020-07-15,2021-08-02,144.07,167.92,16.55,202.29,265,MONTHLY_EMA13_BREAK
USA_LIQUID,CMI,2020-12-09,2021-08-05,196.63,202.19,2.82,37.6,165,DEAD_MONEY_EVICTION_(60D_<_+3%)
USA_LIQUID,ZM,2020-08-13,2021-09-01,247.37,290.71,17.52,230.84,266,MONTHLY_EMA13_BREAK
USA_LIQUID,AKAM,2021-08-09,2021-10-01,115.15,105.43,-8.44,-192.57,39,MONTHLY_EMA13_BREAK
USA_LIQUID,CCI,2021-08-12,2021-10-01,152.08,136.94,-9.95,-43.15,36,MONTHLY_EMA13_BREAK
USA_LIQUID,SNAP,2020-08-05,2021-11-01,21.71,53.95,148.51,2047.95,314,MONTHLY_EMA13_BREAK
USA_LIQUID,CVNA,2021-09-02,2021-11-26,64.04,58.19,-9.12,-141.23,60,DEAD_MONEY_EVICTION_(60D_<_+3%)
USA_LIQUID,CRWD,2021-11-17,2021-12-01,67.48,50.35,-25.38,-305.39,10,MONTHLY_EMA13_BREAK
USA_LIQUID,SE,2020-03-16,2022-01-03,41.1,223.2,443.05,4113.16,456,MONTHLY_EMA13_BREAK
USA_LIQUID,TXN,2021-10-29,2022-01-25,163.8,151.84,-7.3,-164.42,60,DEAD_MONEY_EVICTION_(60D_<_+3%)
USA_LIQUID,LHX,2021-11-01,2022-01-26,201.41,203.31,0.94,2.61,60,DEAD_MONEY_EVICTION_(60D_<_+3%)
USA_LIQUID,MSCI,2021-05-21,2022-02-01,430.96,515.62,19.64,266.44,177,MONTHLY_EMA13_BREAK
USA_LIQUID,U,2021-12-03,2022-02-01,146.95,107.75,-26.68,-66.32,41,MONTHLY_EMA13_BREAK
USA_LIQUID,DHR,2020-09-10,2022-03-01,175.19,235.54,34.45,240.28,371,MONTHLY_EMA13_BREAK
USA_LIQUID,ZS,2020-11-12,2022-03-01,140.13,247.71,76.77,580.11,326,MONTHLY_EMA13_BREAK
USA_LIQUID,DDOG,2021-12-03,2022-03-01,164.3,159.89,-2.69,-54.68,60,DEAD_MONEY_EVICTION_(60D_<_+3%)
USA_LIQUID,CCI,2022-01-07,2022-03-01,155.43,133.97,-13.81,-255.38,36,MONTHLY_EMA13_BREAK
USA_LIQUID,CDNS,2020-09-10,2022-05-02,102.27,150.41,47.07,688.04,414,MONTHLY_EMA13_BREAK
USA_LIQUID,ED,2022-05-04,2022-09-26,80.25,81.19,1.18,21.18,100,DEAD_MONEY_EVICTION_(60D_<_+3%)
USA_LIQUID,GD,2021-11-08,2022-10-03,183.64,203.0,10.54,241.6,227,MONTHLY_EMA13_BREAK
USA_LIQUID,SLB,2023-02-06,2023-05-02,48.73,42.54,-12.69,-247.59,60,DEAD_MONEY_EVICTION_(60D_<_+3%)
USA_LIQUID,GILD,2023-02-06,2023-05-02,76.81,72.15,-6.06,-118.26,60,DEAD_MONEY_EVICTION_(60D_<_+3%)
USA_LIQUID,ULTA,2023-05-08,2023-06-01,515.99,403.63,-21.78,-482.99,18,MONTHLY_EMA13_BREAK
USA_LIQUID,AXON,2023-05-02,2023-07-27,220.33,182.0,-17.4,-170.78,60,DEAD_MONEY_EVICTION_(60D_<_+3%)
USA_LIQUID,BP,2023-05-08,2023-08-02,30.82,30.28,-1.74,-22.84,60,DEAD_MONEY_EVICTION_(60D_<_+3%)
USA_LIQUID,MDLZ,2023-06-02,2023-08-28,67.77,65.57,-3.25,-56.36,60,DEAD_MONEY_EVICTION_(60D_<_+3%)
USA_LIQUID,DRI,2023-04-27,2023-09-05,136.12,136.62,0.37,7.96,90,DEAD_MONEY_EVICTION_(60D_<_+3%)
USA_LIQUID,FSLR,2022-10-19,2023-10-02,120.27,156.26,29.93,485.81,239,MONTHLY_EMA13_BREAK
USA_LIQUID,ORLY,2023-07-31,2023-10-23,61.75,58.55,-5.18,-42.36,60,DEAD_MONEY_EVICTION_(60D_<_+3%)
USA_LIQUID,JBL,2023-08-29,2023-11-29,114.8,114.59,-0.18,-2.97,65,DEAD_MONEY_EVICTION_(60D_<_+3%)
USA_LIQUID,CI,2023-11-13,2023-12-01,279.19,255.11,-8.63,-227.16,14,MONTHLY_EMA13_BREAK
USA_LIQUID,PBR,2023-12-11,2024-03-08,10.85,10.86,0.1,1.33,61,DEAD_MONEY_EVICTION_(60D_<_+3%)
USA_LIQUID,MRK,2024-03-18,2024-06-28,113.05,115.82,2.45,31.29,72,DEAD_MONEY_EVICTION_(60D_<_+3%)
USA_LIQUID,ELF,2023-01-17,2024-09-03,53.65,140.16,161.26,3144.6,410,MONTHLY_EMA13_BREAK
USA_LIQUID,SMCI,2023-04-27,2024-09-03,9.86,44.16,347.7,7462.57,340,MONTHLY_EMA13_BREAK
USA_LIQUID,MPC,2023-11-13,2024-10-01,138.4,159.36,15.14,54.05,222,MONTHLY_EMA13_BREAK
USA_LIQUID,DHI,2023-02-24,2025-01-02,88.02,134.76,53.1,1050.2,467,MONTHLY_EMA13_BREAK
USA_LIQUID,CB,2024-10-09,2025-01-03,278.51,268.2,-3.7,-168.1,60,DEAD_MONEY_EVICTION_(60D_<_+3%)
USA_LIQUID,DELL,2023-12-08,2025-02-03,65.88,97.75,48.39,1312.78,288,MONTHLY_EMA13_BREAK
USA_LIQUID,CDE,2024-09-06,2025-02-24,5.28,5.33,1.04,40.91,116,DEAD_MONEY_EVICTION_(60D_<_+3%)
USA_LIQUID,FIX,2022-12-30,2025-04-01,113.61,328.61,189.25,3416.51,564,MONTHLY_EMA13_BREAK
USA_LIQUID,EME,2023-01-09,2025-04-01,143.63,374.16,160.5,2977.25,559,MONTHLY_EMA13_BREAK
USA_LIQUID,PCAR,2023-09-07,2025-04-01,74.44,95.24,27.93,598.7,393,MONTHLY_EMA13_BREAK
USA_LIQUID,MAR,2025-01-06,2025-04-01,268.52,234.95,-12.5,-618.37,59,MONTHLY_EMA13_BREAK
USA_LIQUID,SYF,2025-02-18,2025-04-01,63.62,51.85,-18.51,-831.56,31,MONTHLY_EMA13_BREAK
USA_LIQUID,LYV,2025-01-06,2025-04-03,129.33,126.0,-2.58,-127.63,61,DEAD_MONEY_EVICTION_(60D_<_+3%)
USA_LIQUID,WEC,2025-05-16,2025-08-12,102.16,104.9,2.68,133.41,60,DEAD_MONEY_EVICTION_(60D_<_+3%)
USA_LIQUID,EXC,2025-05-16,2025-08-12,42.58,43.42,1.98,98.58,60,DEAD_MONEY_EVICTION_(60D_<_+3%)
USA_LIQUID,WM,2025-05-16,2025-08-12,225.57,229.19,1.6,15.97,60,DEAD_MONEY_EVICTION_(60D_<_+3%)
USA_LIQUID,KR,2025-05-16,2025-08-13,67.02,68.39,2.05,102.03,61,DEAD_MONEY_EVICTION_(60D_<_+3%)
USA_LIQUID,MO,2025-05-16,2025-10-30,54.24,54.34,0.19,9.43,116,DEAD_MONEY_EVICTION_(60D_<_+3%)
USA_LIQUID,LNG,2024-09-13,2025-11-03,175.8,207.46,18.01,766.88,286,MONTHLY_EMA13_BREAK
USA_LIQUID,TPR,2025-08-18,2025-11-11,98.69,101.07,2.42,136.52,61,DEAD_MONEY_EVICTION_(60D_<_+3%)
USA_LIQUID,DUK,2025-05-16,2025-12-05,111.41,113.49,1.87,93.02,141,DEAD_MONEY_EVICTION_(60D_<_+3%)
USA_LIQUID,ALNY,2025-11-06,2026-02-02,440.71,338.94,-23.09,-1152.84,59,MONTHLY_EMA13_BREAK
USA_LIQUID,BABA,2025-11-14,2026-02-13,152.48,154.24,1.15,67.24,62,DEAD_MONEY_EVICTION_(60D_<_+3%)
USA_LIQUID,PLTR,2023-08-11,2026-03-02,15.42,145.1,841.11,10744.97,640,MONTHLY_EMA13_BREAK
USA_LIQUID,COR,2025-12-08,2026-03-16,335.98,344.25,2.46,124.75,67,DEAD_MONEY_EVICTION_(60D_<_+3%)
USA_LIQUID,LLY,2026-02-05,2026-05-01,1016.44,959.82,-5.57,-227.23,60,DEAD_MONEY_EVICTION_(60D_<_+3%)
USA_LIQUID,PNC,2026-02-26,2026-05-21,219.48,216.53,-1.34,-80.99,60,DEAD_MONEY_EVICTION_(60D_<_+3%)
USA_LIQUID,AEM,2025-05-16,2026-07-01,104.92,154.43,47.18,2351.06,282,MONTHLY_EMA13_BREAK
USA_LIQUID,CVX,2026-04-14,2026-07-01,183.81,164.17,-10.68,-771.8,55,MONTHLY_EMA13_BREAK
USA_LIQUID,OXY,2026-04-16,2026-07-01,56.64,47.92,-15.4,-1110.6,53,MONTHLY_EMA13_BREAK
USA_LIQUID,DVN,2026-04-17,2026-07-14,43.94,43.38,-1.28,-15.98,60,DEAD_MONEY_EVICTION_(60D_<_+3%)
USA_LIQUID,CCJ,2025-08-22,2026-08-03,74.8,89.68,19.88,980.2,237,MONTHLY_EMA13_BREAK
USA_LIQUID,ODFL,2026-05-06,2026-08-19,200.47,204.98,2.25,85.64,73,DEAD_MONEY_EVICTION_(60D_<_+3%)
