Strategy,Entry,Exit,CAGR,MaxDD,ProfitFactor,WinRate,AvgTrade,MedianTrade,AvgHoldDays,MedianHoldDays,MaxHoldDays,Turnover,W50,W100,W200,W500,MaxWinner,CAGR_25bps,CAGR_50bps,CAGR_100bps,MonitoringBurden
Fixed 60D Benchmark,"Monthly RSI>60, Weekly RSI>60, Daily RSI cross 40",60D,17.346809320416057,-34.13975589488983,2.0438116126479846,54.54545454545454,6.328669368678682,2.619149335251784,59.88051948051948,61.0,61,90.7577174929841,22,2,1,0,301.6231536796733,17.346809320416057,15.638629988823416,12.297374307198972,VERY LOW
Fixed 120D Benchmark,"Monthly RSI>60, Weekly RSI>60, Daily RSI cross 40",120D,27.43823094663489,-30.677162779683158,3.690809306899385,60.37735849056604,17.21943717835997,6.790317204294681,115.8254716981132,121.0,121,49.97567820392891,29,12,2,0,485.20763963187574,27.43823094663489,26.43283923486557,24.44779725216033,VERY LOW
Fixed 180D Benchmark,"Monthly RSI>60, Weekly RSI>60, Daily RSI cross 40",180D,26.549262451932986,-32.6751846797147,4.021367648832945,62.0,26.239447454730733,8.865262766654427,173.89333333333335,181.0,181,35.360149672591206,30,16,5,0,344.201976391633,26.549262451932986,25.85967672053735,24.49289077269161,VERY LOW
Fixed 252D (1-Year) Benchmark,"Monthly RSI>60, Weekly RSI>60, Daily RSI cross 40",252D,18.19241984496116,-37.7950258624303,3.84934074313643,60.0,23.8815324892118,9.842125096587464,245.36190476190475,253.0,253,24.752104770813844,24,12,0,0,176.31081893818777,18.19241984496116,17.736227348081023,16.830004668633826,VERY LOW
Fixed 504D (2-Year) Benchmark,"Monthly RSI>60, Weekly RSI>60, Daily RSI cross 40",504D,20.267998253125175,-37.7950258624303,8.948290273337621,75.86206896551724,55.334762038287515,29.241238693856694,441.0,505.0,505,13.672591206735266,22,13,2,1,622.4324729610927,20.267998253125175,20.02213426355477,19.53259343480036,VERY LOW
Weekly EMA5 Exit,"Monthly RSI>60, Weekly RSI>60, Daily RSI cross 40",w_ema5,2.2420443438730064,-35.58935500673895,1.1862572569258285,37.766714082503555,0.4758590199359812,-1.0316136469597001,7.901849217638691,4.0,153,331.4424695977549,15,4,1,0,335.29061637340294,2.2420443438730064,-3.098679359777068,-12.897935336991484,WEEKLY
Weekly EMA9 Exit,"Monthly RSI>60, Weekly RSI>60, Daily RSI cross 40",w_ema9,12.711128853980359,-32.70099065721415,1.5961063587809108,32.83720930232558,1.8038234583466848,-1.506143289424881,13.356279069767442,5.0,215,253.41440598690366,23,11,3,0,446.61899651814457,12.711128853980359,8.52974876782351,0.9329849322987638,WEEKLY
Weekly EMA12 Exit,"Monthly RSI>60, Weekly RSI>60, Daily RSI cross 40",w_ema12,8.698178633079845,-38.24452423887292,1.4310593744786686,30.47735618115055,1.674107714464216,-2.434458616548368,21.164014687882496,8.0,211,192.59494855004678,22,9,1,0,314.9529930575185,8.698178633079845,5.530719007187668,-0.47581037616335475,WEEKLY
Weekly EMA20 Exit,"Monthly RSI>60, Weekly RSI>60, Daily RSI cross 40",w_ema20,21.32711673104899,-29.654156766633864,2.4871153519107816,32.13429256594724,8.309225091743405,-3.609594832102831,49.73860911270983,31.0,372,98.30121608980356,30,12,3,1,1465.8324884313088,21.32711673104899,19.67165588402875,16.453218886342235,WEEKLY
Weekly EMA26 Exit,"Monthly RSI>60, Weekly RSI>60, Daily RSI cross 40",w_ema26,26.934137472431587,-38.73589822633565,3.269738389158449,34.42622950819672,14.740885779626872,-3.9723133238970134,72.66229508196722,45.0,396,71.89897100093545,31,12,6,1,1465.8324884313088,26.934137472431587,25.660068018083603,23.166807650683374,WEEKLY
Monthly EMA5 Exit,"Monthly RSI>60, Weekly RSI>60, Daily RSI cross 40",m_ema5,25.874300428127484,-39.979349508707266,3.6334204591907264,35.41666666666667,19.312766289604788,-4.019234633119896,86.0375,55.0,536,56.57623947614593,24,14,5,2,1465.8324884313088,25.874300428127484,24.39936282897981,22.513646481113913,MONTHLY
Monthly EMA9 Exit,"Monthly RSI>60, Weekly RSI>60, Daily RSI cross 40",m_ema9,28.344520378092476,-33.97786809840312,5.850500888169324,41.95804195804196,43.28806794908087,-4.145489215643961,164.97202797202797,109.0,782,33.71000935453695,25,17,10,3,1465.8324884313088,28.344520378092476,27.73017504688513,26.51277203090572,MONTHLY
Monthly EMA12 Exit,"Monthly RSI>60, Weekly RSI>60, Daily RSI cross 40",m_ema12,21.487878815887896,-34.34964892451524,5.556367199227339,43.80165289256198,42.21412212254525,-3.6804828439211903,194.41322314049586,139.0,1216,28.523854069223574,23,13,7,3,1465.8324884313088,21.487878815887896,21.001096087446093,20.039108021081265,MONTHLY
Monthly EMA20 Exit,"Monthly RSI>60, Weekly RSI>60, Daily RSI cross 40",m_ema20,17.245186218857445,-39.95245322297749,3.8622572229568504,40.0,35.08849655062552,-5.558411608844082,283.0,205.0,1037,18.858746492048642,16,10,6,0,483.35446215883866,17.245186218857445,16.94067563920698,16.33594696797822,MONTHLY
Weekly RSI < 50 Exit,"Monthly RSI>60, Weekly RSI>60, Daily RSI cross 40",50,19.789333972022693,-38.35136332455313,3.1280708383582887,34.34343434343434,14.85336396997252,-3.8429595605726794,75.86868686868686,50.0,396,70.0130963517306,30,12,7,1,1465.8324884313088,19.789333972022693,18.477265716208823,15.87902776035226,WEEKLY
Weekly RSI < 45 Exit,"Monthly RSI>60, Weekly RSI>60, Daily RSI cross 40",45,14.263538152625376,-34.1529876931957,2.613106135254407,36.55913978494624,13.148349450642367,-5.544455073177371,129.82258064516128,88.5,706,43.8465855940131,28,12,4,0,247.7221368193343,14.263538152625376,13.60289666146719,12.2407981767934,WEEKLY
Monthly RSI < 50 Exit,"Monthly RSI>60, Weekly RSI>60, Daily RSI cross 40",50,19.44492609309636,-38.4989969024973,9.189213366969197,58.92857142857143,59.57383735493334,8.60355559095727,427.0357142857143,288.0,1607,13.20112254443405,18,13,7,0,443.95366652141934,19.44492609309636,19.22455643946752,18.786015191901196,MONTHLY
Monthly RSI < 45 Exit,"Monthly RSI>60, Weekly RSI>60, Daily RSI cross 40",45,14.458667861611652,-38.91286879260689,8.015558848540861,64.28571428571429,62.47819132473005,27.658699923771856,598.2857142857143,605.0,1749,9.900841908325537,17,11,4,0,370.2365389936176,14.458667861611652,14.29790006948799,13.97771603990645,MONTHLY
Weekly Close < Prev Week Low,"Monthly RSI>60, Weekly RSI>60, Daily RSI cross 40",weekly_prev_low,9.895702238433458,-30.38649589247262,1.4474573993492004,36.38344226579521,1.7246295733264672,-1.9215773570913384,18.943355119825707,13.0,178,216.40411599625818,22,7,0,0,193.0821419161822,9.895702238433458,6.131882607113526,-0.8288811389132622,WEEKLY
Monthly Close < Prev Month Low,"Monthly RSI>60, Weekly RSI>60, Daily RSI cross 40",monthly_prev_low,24.495636603114956,-38.58872079695931,3.1822486794375737,34.85477178423236,17.722277047564237,-4.665437426018164,89.92946058091286,58.0,781,56.81197380729654,26,12,6,2,1465.8324884313088,24.495636603114956,23.500042591039172,21.54528142082357,MONTHLY
Weekly EMA9 OR Weekly RSI < 50,"Monthly RSI>60, Weekly RSI>60, Daily RSI cross 40",w_ema9_or_w_rsi50,12.711128853980359,-32.70099065721415,1.5961063587809108,32.83720930232558,1.8038234583466848,-1.506143289424881,13.356279069767442,5.0,215,253.41440598690366,23,11,3,0,446.61899651814457,12.711128853980359,8.52974876782351,0.9329849322987638,WEEKLY
Weekly EMA20 OR Weekly RSI < 50,"Monthly RSI>60, Weekly RSI>60, Daily RSI cross 40",w_ema20_or_w_rsi50,21.32711673104899,-29.654156766633864,2.4871153519107816,32.13429256594724,8.309225091743405,-3.609594832102831,49.73860911270983,31.0,372,98.30121608980356,30,12,3,1,1465.8324884313088,21.32711673104899,19.67165588402875,16.453218886342235,WEEKLY
Monthly EMA9 OR Monthly RSI < 50,"Monthly RSI>60, Weekly RSI>60, Daily RSI cross 40",m_ema9_or_m_rsi50,28.344520378092476,-33.97786809840312,5.850500888169324,41.95804195804196,43.28806794908087,-4.145489215643961,164.97202797202797,109.0,782,33.71000935453695,25,17,10,3,1465.8324884313088,28.344520378092476,27.73017504688513,26.51277203090572,MONTHLY
Monthly EMA12 OR Monthly RSI < 50,"Monthly RSI>60, Weekly RSI>60, Daily RSI cross 40",m_ema12_or_m_rsi50,18.00039492920682,-34.34964892451524,4.452409273158543,44.26229508196721,31.5093866312328,-3.6731926087053393,197.71311475409837,138.0,1216,28.75958840037418,23,13,6,2,583.7673624910266,18.00039492920682,17.54716746172267,16.648521848475607,MONTHLY
Weekly EMA20 OR Monthly EMA9,"Monthly RSI>60, Weekly RSI>60, Daily RSI cross 40",w_ema20_or_m_ema9,21.279191380404995,-29.654156766633864,2.4816595211735355,32.13429256594724,8.296941240225623,-3.609594832102831,49.73381294964029,31.0,372,98.30121608980356,30,12,3,1,1465.8324884313088,21.279191380404995,19.624483668624613,16.40751334244044,WEEKLY
Monthly EMA9 (-20% Cat Stop),"Monthly RSI>60, Weekly RSI>60, Daily RSI cross 40",m_ema9 + -20% stop,16.818286588094477,-32.52716030929071,3.1912482975283414,38.46153846153847,20.6510957790844,-5.242788746788117,142.58579881656806,89.0,782,39.83910196445276,24,15,8,1,570.6357886149458,16.818286588094477,16.211362953031095,15.01469829475881,MONTHLY
Monthly EMA12 (-20% Cat Stop),"Monthly RSI>60, Weekly RSI>60, Daily RSI cross 40",m_ema12 + -20% stop,15.769281700561999,-36.70507024691904,3.573765184461192,38.84892086330935,25.127409958405426,-8.76149607960703,176.30935251798562,108.0,1216,32.76707202993452,24,14,6,2,583.7673624910266,15.769281700561999,15.264442403333556,14.265828445921546,MONTHLY
Weekly EMA20 (-15% Cat Stop),"Monthly RSI>60, Weekly RSI>60, Daily RSI cross 40",w_ema20 + -15% stop,20.716407645806136,-28.42611626997305,2.4146482007078216,30.184331797235025,7.922586869807536,-3.8407731733385795,48.19585253456221,26.0,372,102.30869971936389,31,12,3,1,1465.8324884313088,20.716407645806136,19.02982664752082,15.719640588459583,WEEKLY
Monthly EMA9 + Regime Sch 1,"Monthly RSI>60, Weekly RSI>60, Daily RSI cross 40",m_ema9 + -20% stop,27.48931266962076,-25.833945796835906,4.871001463282205,37.6,35.29533873490139,-7.820720637051437,153.584,85.0,763,29.466791393826007,23,15,6,1,1465.8324884313088,27.48931266962076,26.96145661335436,25.91776344555847,MONTHLY
