date,equity,cash,invested,positions_count,regime,target_exp,peak_equity,drawdown_pct,daily_ret_pct
2026-01-01,100000.0,100000.0,0.0,0,BULL,1.0,100000.0,0.0,0.0
2026-01-02,100000.0,100000.0,0.0,0,BULL,1.0,100000.0,0.0,0.0
2026-01-05,100561.99306216613,90000.0,10561.993062166128,1,BULL,1.0,100561.99306216613,0.0,0.5619930621661329
2026-01-06,100287.84702696437,90000.0,10287.847026964377,1,BULL,1.0,100561.99306216613,-0.27261396363960955,-0.2726139636396119
2026-01-07,100293.3670075446,90000.0,10293.367007544604,1,BULL,1.0,100561.99306216613,-0.26712483160061595,0.005504137085265981
2026-01-08,100195.85128094532,90000.0,10195.851280945331,1,NEUTRAL,0.7,100561.99306216613,-0.3640955892694619,-0.09723048443666116
2026-01-09,100068.89807657545,90000.0,10068.898076575459,1,NEUTRAL,0.7,100561.99306216613,-0.49033931267238823,-0.1267050509046519
2026-01-12,100340.00736111778,79971.39932688946,20368.608034228317,2,NEUTRAL,0.7,100561.99306216613,-0.2207451287397666,0.2709226240653395
2026-01-13,100069.37586241089,79971.39932688946,20097.976535521433,2,NEUTRAL,0.7,100561.99306216613,-0.48986419695432554,-0.2697144497238346
2026-01-14,100363.80124241498,69937.97623053852,30425.82501187646,3,NEUTRAL,0.7,100561.99306216613,-0.19708422010752646,0.2942212614665429
2026-01-15,100363.80124241498,69937.97623053852,30425.82501187646,3,NEUTRAL,0.7,100561.99306216613,-0.19708422010752646,0.0
2026-01-16,100269.17634083223,69937.97623053852,30331.200110293707,3,NEUTRAL,0.7,100561.99306216613,-0.29118030820340673,-0.09428190284881399
2026-01-19,100164.494343811,59949.318019281585,40215.17632452942,4,NEUTRAL,0.7,100561.99306216613,-0.39527728742348894,-0.10440097429881279
2026-01-20,99514.31074322885,59949.318019281585,39564.99272394726,4,NEUTRAL,0.7,100561.99306216613,-1.0418273216697456,-0.649115841737713
2026-01-21,99201.421774454,59949.318019281585,39252.10375517241,4,BEAR,0.3,100561.99306216613,-1.3529677030874405,-0.3144160537695839
2026-01-22,99582.0372138976,29983.336982928082,69598.70023096951,7,NEUTRAL,0.7,100561.99306216613,-0.9744793419744004,0.38367941974559727
2026-01-23,98055.89253072235,29983.336982928082,68072.55554779427,7,BEAR,0.3,100561.99306216613,-2.492095129712216,-1.5325501725749535
2026-01-27,98866.31393812169,29983.336982928082,68882.9769551936,7,NEUTRAL,0.7,100561.99306216613,-1.686202781398929,0.8264892465747797
2026-01-28,99508.67689268837,29983.336982928082,69525.33990976028,7,NEUTRAL,0.7,100561.99306216613,-1.0474296873040492,0.6497288398642276
2026-01-29,99786.71977914755,29983.336982928082,69803.38279621946,7,NEUTRAL,0.7,100561.99306216613,-0.770940650051875,0.279415720459264
2026-01-30,100112.05164860401,29983.336982928082,70128.71466567593,7,NEUTRAL,0.7,100561.99306216613,-0.44742690539553165,0.3260272210335202
2026-02-02,99193.82760000855,29983.336982928082,69210.49061708046,7,BEAR,0.3,100561.99306216613,-1.3605194373104805,-0.9171963150035767
2026-02-03,100963.83098421353,29983.336982928082,70980.49400128545,7,BULL,1.0,100963.83098421353,0.0,1.7843886328717806
2026-02-04,101544.85325314524,19843.47537441944,81701.37787872579,8,BULL,1.0,101544.85325314524,0.0,0.5754756562501573
2026-02-05,101094.20822964763,19843.47537441944,81250.73285522818,8,NEUTRAL,0.7,101544.85325314524,-0.4437891326448385,-0.443789132644834
2026-02-06,100279.70238082638,19843.47537441944,80436.22700640695,8,BULL,1.0,101544.85325314524,-1.245903491696339,-0.8056899233742532
2026-02-09,102396.44358851104,0.0,102396.44358851104,10,BULL,1.0,102396.44358851104,0.0,2.1108371459321207
2026-02-10,104792.9628404791,0.0,104792.9628404791,10,BULL,1.0,104792.9628404791,0.0,2.340432116567137
2026-02-11,106769.87478765463,0.0,106769.87478765463,10,BULL,1.0,106769.87478765463,0.0,1.8864930369273614
2026-02-12,106293.204734272,0.0,106293.204734272,10,BULL,1.0,106769.87478765463,-0.44644620435364407,-0.44644620435364546
2026-02-13,103323.24940750533,0.0,103323.24940750533,10,NEUTRAL,0.7,106769.87478765463,-3.228087873104652,-2.7941158931010013
2026-02-16,103989.11124206638,0.0,103989.11124206638,10,NEUTRAL,0.7,106769.87478765463,-2.6044458243663406,0.644445309627173
2026-02-17,104371.39812816556,0.0,104371.39812816556,10,BULL,1.0,106769.87478765463,-2.246398306881216,0.36762203420441786
2026-02-18,105309.20168022905,0.0,105309.20168022905,10,BULL,1.0,106769.87478765463,-1.3680573385803692,0.8985254283092825
2026-02-19,104054.0571162803,0.0,104054.0571162803,10,NEUTRAL,0.7,106769.87478765463,-2.5436179229165394,-1.1918659945405308
2026-02-20,104651.97897161092,0.0,104651.97897161092,10,NEUTRAL,0.7,106769.87478765463,-1.9836080357458534,0.5746261817186626
2026-02-23,105349.20179782393,0.0,105349.20179782393,10,BULL,1.0,106769.87478765463,-1.3305934774730686,0.6662299490792778
2026-02-24,105799.95590029331,0.0,105799.95590029331,10,NEUTRAL,0.7,106769.87478765463,-0.9084199913976713,0.42786665183702777
2026-02-25,107521.91925348996,0.0,107521.91925348996,10,NEUTRAL,0.7,107521.91925348996,0.0,1.627565284450072
2026-02-26,107824.55714152727,0.0,107824.55714152727,10,NEUTRAL,0.7,107824.55714152727,0.0,0.281466225806315
2026-02-27,107265.87530917663,0.0,107265.87530917663,10,BEAR,0.3,107824.55714152727,-0.5181396957813015,-0.5181396957813056
2026-03-02,105197.94901572926,0.0,105197.94901572926,10,BEAR,0.3,107824.55714152727,-2.436001774948544,-1.9278510406845584
2026-03-04,100934.21059405683,0.0,100934.21059405683,10,BEAR,0.3,107824.55714152727,-6.390331414416458,-4.053062309261291
2026-03-05,102000.31386428147,0.0,102000.31386428147,10,BEAR,0.3,107824.55714152727,-5.401592579324087,1.056235803450578
2026-03-06,101268.19981409264,0.0,101268.19981409264,10,BEAR,0.3,107824.55714152727,-6.080578952741674,-0.717756664124547
2026-03-09,98638.75021544713,0.0,98638.75021544713,10,BEAR,0.3,107824.55714152727,-8.519216001993987,-2.5965205301097805
2026-03-10,100922.53643833322,0.0,100922.53643833322,10,BEAR,0.3,107824.55714152727,-6.40115840599713,2.315303283849235
2026-03-11,100042.12449627274,0.0,100042.12449627274,10,BEAR,0.3,107824.55714152727,-7.217681065955642,-0.872364065679665
2026-03-12,100122.6659455278,0.0,100122.6659455278,10,BEAR,0.3,107824.55714152727,-7.142984307267038,0.08050753586112958
2026-03-13,97866.99618308709,0.0,97866.99618308709,10,BEAR,0.3,107824.55714152727,-9.234965783694514,-2.2529062137317757
2026-03-16,97096.29724899246,0.0,97096.29724899246,10,BEAR,0.3,107824.55714152727,-9.94973703295922,-0.7874962593649282
2026-03-17,96948.17909216208,0.0,96948.17909216208,10,BEAR,0.3,107824.55714152727,-10.087106627379121,-0.15254768825070375
2026-03-18,98577.14746764788,0.0,98577.14746764788,10,BEAR,0.3,107824.55714152727,-8.576348393197216,1.6802464891447322
2026-03-19,96025.71691102804,0.0,96025.71691102804,10,BEAR,0.3,107824.55714152727,-10.942628046236658,-2.588257646080905
2026-03-20,96724.0549455861,0.0,96724.0549455861,10,BEAR,0.3,107824.55714152727,-10.294966647876867,0.7272406361778172
2026-03-23,93132.81074127494,0.0,93132.81074127494,10,BEAR,0.3,107824.55714152727,-13.62560328531504,-3.7128759814003764
2026-03-24,95173.48412212319,0.0,95173.48412212319,10,BEAR,0.3,107824.55714152727,-11.733016443367964,2.1911433410050085
2026-03-25,98246.99992820341,0.0,98246.99992820341,10,BEAR,0.3,107824.55714152727,-8.882537955386773,3.229382463435293
2026-03-27,95816.98741184751,0.0,95816.98741184751,10,BEAR,0.3,107824.55714152727,-11.13621057021267,-2.473370706618716
2026-03-30,92911.35448456254,0.0,92911.35448456254,10,BEAR,0.3,107824.55714152727,-13.830989018012016,-3.032482032435191
2026-04-01,95695.09124157038,53754.6850414741,41940.40620009628,4,BEAR,0.3,107824.55714152727,-11.249261041745918,2.996121165654042
2026-04-02,95361.60360101447,53754.6850414741,41606.91855954038,4,BEAR,0.3,107824.55714152727,-11.558548322303146,-0.3484898088597421
2026-04-06,96543.46507823642,53754.6850414741,42788.78003676233,4,BEAR,0.3,107824.55714152727,-10.46245156238725,1.2393473186197212
2026-04-07,96895.04156648992,53754.6850414741,43140.35652501582,4,BEAR,0.3,107824.55714152727,-10.13638809635137,0.36416394208411695
2026-04-08,98125.55161799627,53754.6850414741,44370.86657652218,4,BEAR,0.3,107824.55714152727,-8.995173066929805,1.269941197828972
2026-04-09,98215.17886410763,53754.6850414741,44460.49382263353,4,BEAR,0.3,107824.55714152727,-8.912049844829562,0.09133935517660063
2026-04-10,98851.87989655542,53754.6850414741,45097.19485508131,4,BEAR,0.3,107824.55714152727,-8.321552606234764,0.6482715195466282
2026-04-13,98398.20356586779,53754.6850414741,44643.51852439369,4,BEAR,0.3,107824.55714152727,-8.74230678572297,-0.4589455771224382
2026-04-15,98381.19781492741,53754.6850414741,44626.5127734533,4,BEAR,0.3,107824.55714152727,-8.758078472054185,-0.017282582734345908
2026-04-16,98428.47898232039,53754.6850414741,44673.79394084629,4,BEAR,0.3,107824.55714152727,-8.714228380158216,0.04805914996270921
2026-04-17,98386.30008577037,53754.6850414741,44631.61504429628,4,BEAR,0.3,107824.55714152727,-8.75334646018395,-0.04285232992129462
2026-04-20,97824.1703949655,53754.6850414741,44069.4853534914,4,BEAR,0.3,107824.55714152727,-9.274683811996146,-0.5713495581344374
2026-04-21,98390.46154172363,53754.6850414741,44635.776500249536,4,BEAR,0.3,107824.55714152727,-8.749486990631205,0.5788867357338523
2026-04-22,98112.87875047405,53754.6850414741,44358.19370899994,4,BEAR,0.3,107824.55714152727,-9.006926296303696,-0.28212368038529334
2026-04-23,96733.37691741242,53754.6850414741,42978.69187593831,4,BEAR,0.3,107824.55714152727,-10.286321148119258,-1.4060354263684904
2026-04-24,96657.20691899644,53754.6850414741,42902.52187752235,4,BEAR,0.3,107824.55714152727,-10.356963681170427,-0.07874220961087142
2026-04-27,96778.75967011836,53754.6850414741,43024.07462864426,4,BEAR,0.3,107824.55714152727,-10.244231707727328,0.12575653176467583
2026-04-28,97099.85372721522,53754.6850414741,43345.16868574112,4,BEAR,0.3,107824.55714152727,-9.946438639423421,0.3317815377995581
2026-04-29,97851.71451897488,53754.6850414741,44097.02947750078,4,BEAR,0.3,107824.55714152727,-9.249138495845926,0.7743171208804078
2026-04-30,97417.58042364445,53754.6850414741,43662.89538217036,4,BEAR,0.3,107824.55714152727,-9.651768570885883,-0.44366529239121544
2026-05-01,97417.58042364445,53754.6850414741,43662.89538217036,4,NEUTRAL,0.7,107824.55714152727,-9.651768570885883,0.0
2026-05-04,97279.33817607861,53754.6850414741,43524.653134604516,4,BEAR,0.3,107824.55714152727,-9.779978925957767,-0.14190687857844608
2026-05-05,97726.106911629,53754.6850414741,43971.42187015491,4,BEAR,0.3,107824.55714152727,-9.365631074786931,0.4592637490416829
2026-05-06,97639.53676811862,53754.6850414741,43884.85172664452,4,BEAR,0.3,107824.55714152727,-9.445919040539255,-0.08858445941029025
2026-05-07,98406.76077861266,53754.6850414741,44652.075737138555,4,BEAR,0.3,107824.55714152727,-8.734370548402156,0.7857718664889823
2026-05-08,98557.64532127853,53754.6850414741,44802.96027980443,4,BEAR,0.3,107824.55714152727,-8.59443531781473,0.15332741518168103
2026-05-11,97538.05594789243,53754.6850414741,43783.370906418335,4,BEAR,0.3,107824.55714152727,-9.540035652669635,-1.034510686677259
2026-05-12,96096.3059668197,53754.6850414741,42341.62092534559,4,BEAR,0.3,107824.55714152727,-10.877161460828843,-1.4781409851380989
2026-05-13,95928.71593740223,53754.6850414741,42174.03089592813,4,BEAR,0.3,107824.55714152727,-11.032589902976293,-0.1743979934830442
2026-05-14,96050.08982135647,53754.6850414741,42295.40477988237,4,BEAR,0.3,107824.55714152727,-10.92002381676003,0.12652507934478585
2026-05-15,95918.52556750228,53754.6850414741,42163.84052602819,4,BEAR,0.3,107824.55714152727,-11.042040783341678,-0.13697462865353005
2026-05-18,95214.84937018852,53754.6850414741,41460.16432871441,4,BEAR,0.3,107824.55714152727,-11.694652967401138,-0.7336186551559876
2026-05-19,95415.58562540534,53754.6850414741,41660.90058393124,4,BEAR,0.3,107824.55714152727,-11.508483637761936,0.2108245263681141
2026-05-20,95894.87078379712,53754.6850414741,42140.185742323025,4,BEAR,0.3,107824.55714152727,-11.06397899883939,0.502313280634703
2026-05-21,96276.35208078258,53754.6850414741,42521.66703930848,4,BEAR,0.3,107824.55714152727,-10.710180840888462,0.39781199335005013
2026-05-22,96882.6334342063,53754.6850414741,43127.948392732214,4,BEAR,0.3,107824.55714152727,-10.147895801657619,0.6297302923515602
2026-05-25,97633.1368966368,53754.6850414741,43878.4518551627,4,BEAR,0.3,107824.55714152727,-9.451854489430934,0.7746522114721044
2026-05-26,98054.00007388013,53754.6850414741,44299.315032406026,4,BEAR,0.3,107824.55714152727,-9.061532295303195,0.4310659173932807
2026-05-27,98806.48554259776,53754.6850414741,45051.80050112366,4,BEAR,0.3,107824.55714152727,-8.363652806004724,0.7674194506605003
2026-05-28,98806.48554259776,53754.6850414741,45051.80050112366,4,NEUTRAL,0.7,107824.55714152727,-8.363652806004724,0.0
2026-05-29,99695.58302213438,53754.6850414741,45940.89798066029,4,BEAR,0.3,107824.55714152727,-7.539074896197391,0.8998371662084059
2026-06-01,99759.33338828708,53754.6850414741,46004.64834681299,4,BEAR,0.3,107824.55714152727,-7.47995073390751,0.06394502566733351
2026-06-02,101042.47769732882,53754.6850414741,47287.792655854726,4,BEAR,0.3,107824.55714152727,-6.289920982746532,1.2862398589287283
2026-06-03,101969.60539188788,53754.6850414741,48214.92035041378,4,BEAR,0.3,107824.55714152727,-5.430072615048502,0.9175623120963428
2026-06-04,104191.22410461694,53754.6850414741,50436.53906314284,4,BEAR,0.3,107824.55714152727,-3.369671189227637,2.1787067863908716
2026-06-05,103409.57034059308,53754.6850414741,49654.88529911898,4,BEAR,0.3,107824.55714152727,-4.094602303943812,-0.750210750225
2026-06-08,103640.31231500859,53754.6850414741,49885.62727353449,4,BEAR,0.3,107824.55714152727,-3.8806046947418196,0.2231340616303923
2026-06-09,104280.64713544247,53754.6850414741,50525.962093968374,4,BEAR,0.3,107824.55714152727,-3.286737363023128,0.6178433913703651
2026-06-10,103963.65567781877,53754.6850414741,50208.97063634467,4,BEAR,0.3,107824.55714152727,-3.5807255471875505,-0.3039791814985482
2026-06-11,103560.63950510796,53754.6850414741,49805.95446363386,4,BEAR,0.3,107824.55714152727,-3.9544958490509927,-0.387651021006552
2026-06-12,104035.56577002903,53754.6850414741,50280.88072855494,4,BEAR,0.3,107824.55714152727,-3.5140337896541722,0.45859726937824696
2026-06-15,104109.53554875284,53754.6850414741,50354.85050727874,4,BEAR,0.3,107824.55714152727,-3.445431811881409,0.0711004723974229
2026-06-16,103600.48369387453,53754.6850414741,49845.79865240044,4,BEAR,0.3,107824.55714152727,-3.9175430529321362,-0.48895795394259256
2026-06-17,104029.07927195271,53754.6850414741,50274.39423047862,4,BEAR,0.3,107824.55714152727,-3.520049578866095,0.41370036393326703
2026-06-18,103375.4846208153,53754.6850414741,49620.799579341205,4,BEAR,0.3,107824.55714152727,-4.126214508696984,-0.6282807227667386
2026-06-19,104347.98424815433,53754.6850414741,50593.299206680225,4,BEAR,0.3,107824.55714152727,-3.2242867353581577,0.9407449270068202
2026-06-22,104775.03058127168,53754.6850414741,51020.345539797585,4,BEAR,0.3,107824.55714152727,-2.828230081439492,0.4092521155959927
2026-06-23,103705.70062811623,53754.6850414741,49951.015586642134,4,BEAR,0.3,107824.55714152727,-3.819961447191248,-1.020596173747712
2026-06-24,103915.50072497773,53754.6850414741,50160.81568350363,4,BEAR,0.3,107824.55714152727,-3.6253860161174924,0.20230334069466505
2026-06-25,104030.57557818503,53754.6850414741,50275.89053671094,4,BEAR,0.3,107824.55714152727,-3.5186618558167364,0.11073887187615927
2026-06-26,104030.57557818503,53754.6850414741,50275.89053671094,4,NEUTRAL,0.7,107824.55714152727,-3.5186618558167364,0.0
2026-06-29,104920.46141806769,53754.6850414741,51165.77637659358,4,BEAR,0.3,107824.55714152727,-2.6933527949924763,0.8554079749504506
2026-06-30,106637.69756785687,53754.6850414741,52883.012526382765,4,BEAR,0.3,107824.55714152727,-1.1007321570656348,1.6367028190494404
2026-07-01,104693.14305548757,53754.6850414741,50938.45801401348,4,BEAR,0.3,107824.55714152727,-2.904175235266213,-1.823515095242867
2026-07-02,106017.160967862,53754.6850414741,52262.475926387895,4,BEAR,0.3,107824.55714152727,-1.6762379754483359,1.2646653579525324
2026-07-03,105725.10939205423,53754.6850414741,51970.42435058014,4,BEAR,0.3,107824.55714152727,-1.947096102344632,-0.2754757561337584
2026-07-06,106030.45032668478,53754.6850414741,52275.76528521067,4,BULL,1.0,107824.55714152727,-1.663912991998294,0.2888064494672271
2026-07-07,106655.97568180962,53754.6850414741,52901.29064033553,4,BEAR,0.3,107824.55714152727,-1.0837804399083277,0.5899487865962838
2026-07-08,107408.87644366155,53754.6850414741,53654.191402187455,4,BEAR,0.3,107824.55714152727,-0.38551579425465754,0.7059152166945415
2026-07-09,107327.13197896277,53754.6850414741,53572.44693748867,4,BEAR,0.3,107824.55714152727,-0.46132826857947784,-0.07610587449133899
2026-07-10,108221.21760598611,53754.6850414741,54466.53256451202,4,BEAR,0.3,108221.21760598611,0.0,0.8330471620154656
2026-07-13,107634.40033820519,53754.6850414741,53879.71529673108,4,BEAR,0.3,108221.21760598611,-0.5422386485406359,-0.5422386485406383
2026-07-14,107728.1170320831,53754.6850414741,53973.431990608995,4,BEAR,0.3,108221.21760598611,-0.45564131028196153,0.0870694625356272
2026-07-15,108176.50458665498,53754.6850414741,54421.819545180886,4,BEAR,0.3,108221.21760598611,-0.041316315155428565,0.41622147209565696
2026-07-16,106929.44969633332,53754.6850414741,53174.76465485923,4,BEAR,0.3,108221.21760598611,-1.1936364589390223,-1.1527964367925247
2026-07-17,107577.76644065129,53754.6850414741,53823.0813991772,4,BEAR,0.3,108221.21760598611,-0.5945702511660012,0.6063032645909239
2026-07-20,107587.89694803886,53754.6850414741,53833.211906564764,4,BEAR,0.3,108221.21760598611,-0.5852093258209793,0.009416915523297043
2026-07-21,107692.82750717922,53754.6850414741,53938.14246570512,4,BEAR,0.3,108221.21760598611,-0.48825000355352266,0.09753007737574038
2026-07-22,107282.27722358331,53754.6850414741,53527.59218210922,4,BEAR,0.3,108221.21760598611,-0.8676121034059234,-0.3812234232298706
2026-07-23,108258.15613400213,53754.6850414741,54503.47109252803,4,BEAR,0.3,108258.15613400213,0.0,0.9096366479852236
2026-07-24,108031.0698726559,53754.6850414741,54276.384831181815,4,BEAR,0.3,108258.15613400213,-0.20976365149350543,-0.20976365149351084
2026-07-27,109772.25812072516,53754.6850414741,56017.57307925106,4,BEAR,0.3,109772.25812072516,0.0,1.6117476667793174
2026-07-28,110081.02036920004,53754.6850414741,56326.335327725945,4,BEAR,0.3,110081.02036920004,0.0,0.281275300117545
2026-07-29,109288.70518021399,53754.6850414741,55534.020138739885,4,BEAR,0.3,110081.02036920004,-0.7197563997215003,-0.7197563997215051
2026-07-30,108176.19974583783,53754.6850414741,54421.51470436374,4,BEAR,0.3,110081.02036920004,-1.73038060237236,-1.017950969902759
2026-07-31,106983.66185486852,53754.6850414741,53228.97681339442,4,BULL,1.0,110081.02036920004,-2.8137080342672176,-1.102403203080904
2026-08-03,107439.22303078015,21609.51634887544,85829.70668190472,7,BULL,1.0,110081.02036920004,-2.399866325329814,0.42582312851622284
2026-08-04,106849.36239549036,10916.15340956369,95933.20898592667,8,BULL,1.0,110081.02036920004,-2.9357085925176194,-0.5490179644363269
2026-08-05,107844.73347708772,106.17499328527265,107738.55848380245,9,BULL,1.0,110081.02036920004,-2.0314917908755272,0.9315648304134116
2026-08-06,110213.34043265789,0.0,110213.34043265789,10,BULL,1.0,110213.34043265789,0.0,2.1963121231816096
2026-08-07,113808.84844906253,0.0,113808.84844906253,10,BULL,1.0,113808.84844906253,0.0,3.262316523834552
2026-08-10,111871.69703552034,0.0,111871.69703552034,10,BULL,1.0,113808.84844906253,-1.7021096689236785,-1.7021096689236792
2026-08-11,110072.19194172663,0.0,110072.19194172663,10,BULL,1.0,113808.84844906253,-3.2832741550920015,-1.6085436633917705
2026-08-12,110255.16066327019,0.0,110255.16066327019,10,BULL,1.0,113808.84844906253,-3.1225057051542566,0.16622610880723254
2026-08-13,111034.86910689174,0.0,111034.86910689174,10,BULL,1.0,113808.84844906253,-2.4374021703702047,0.7071854405100053
2026-08-14,111828.37786695284,0.0,111828.37786695284,10,BEAR,0.3,113808.84844906253,-1.740172762573981,0.7146482599958759
2026-08-17,111445.02769013039,0.0,111445.02769013039,10,BEAR,0.3,113808.84844906253,-2.0770096448081676,-0.3428022333280545
2026-08-18,112497.50824043795,0.0,112497.50824043795,10,BEAR,0.3,113808.84844906253,-1.152230451757443,0.9443943548867351
2026-08-19,112471.41637857236,0.0,112471.41637857236,10,BEAR,0.3,113808.84844906253,-1.175156491534801,-0.023193279810096445
2026-08-20,112037.66181037221,0.0,112037.66181037221,10,BEAR,0.3,113808.84844906253,-1.5562820139446747,-0.38565760276385586
2026-08-21,113101.60013519424,0.0,113101.60013519424,10,BEAR,0.3,113808.84844906253,-0.6214352605323397,0.949625605917026
2026-08-24,113319.19461034662,0.0,113319.19461034662,10,BEAR,0.3,113808.84844906253,-0.4302423277176585,0.1923885028083383
