date,gfs_10_regime,gfs_15_regime,bo_c_relvol,bo_a_equal,nifty_50,breakout_15_regime,breakout_10_regime,breakout_relvol_regime
2026-01-01,100000.0,100000.0,100279.60617018024,100157.93057805514,100000.0,100157.93057805512,100236.89586708268,100236.89586708268
2026-01-02,100000.0,100000.0,100517.90196980676,100366.23821032836,100696.07651702386,100366.23821032832,100549.3573154925,100549.3573154925
2026-01-05,100561.99306216612,100374.6620414441,100345.8056576324,100199.6515214168,100396.80186066608,100199.65152141676,100299.24712462942,100299.24712462944
2026-01-06,100287.84702696436,100191.89801797626,100060.82979290244,100072.1535520692,100122.95479342174,100072.15355206918,100107.58696157808,100107.5869615781
2026-01-07,100293.3670075446,100195.57800502976,100103.30962268297,100274.26955647692,99977.81435379936,100274.26955647688,100410.61548071954,100410.61548071956
2026-01-08,100195.85128094534,100130.56752063024,100100.43657563617,100334.02470386303,98968.50191013185,100334.02470386303,100500.26659734664,100500.26659734664
2026-01-09,100068.89807657548,100045.93205105032,100157.18474120797,100151.36748446674,98228.25578839945,100151.36748446673,100226.0653578886,100226.0653578886
2026-01-12,100340.00736111776,100226.6373507514,100101.1866464125,100118.17665691572,98637.29336909132,100118.1766569157,100176.27882819805,100176.27882819805
2026-01-13,100069.37586241087,100046.25027214004,100210.22845632776,100274.06511755836,98415.66100452124,100274.06511755832,100292.12455998264,100305.14433591296
2026-01-14,100363.80124241498,100242.4408834136,100835.25793923436,101013.28270816446,98160.555952872,101013.28270816442,101148.20542833404,101096.1833914519
2026-01-15,100363.80124241498,100242.4408834136,100818.49397282716,100996.48914495448,98160.555952872,100996.48914495442,101148.20542833404,101094.6093935522
2026-01-16,100269.1763408322,100179.3647468757,100489.10946381914,100771.85598530673,98270.51309498429,100771.85598530668,100750.61091965275,100651.13404710186
2026-01-19,100164.494343811,100109.73797926972,100929.28147660312,101284.0200782756,97854.20728743948,101288.9459988403,101055.92465894636,100777.27428412857
2026-01-20,99514.31074322882,99676.3020214964,99559.22137567303,99778.95470887815,96504.12481211298,100014.20102236174,99541.50589257904,99371.71412108342
2026-01-21,99201.42177445398,99467.48413895666,99408.58967307035,99483.50134014896,96217.28009355918,99718.74765363254,99188.55439059058,99294.31947083026
2026-01-22,99582.03721389757,99721.10549865173,99162.4996504658,99515.68352322358,96723.65813069572,99750.92983670712,98953.60275244672,98894.72651608576
2026-01-23,98055.89253072234,98703.8971173453,98529.37800746884,98866.7427848306,95800.97428601436,99226.53595312336,98371.34562032504,98473.29533280931
2026-01-27,98866.31393812166,99036.4283259714,98923.46316485397,99330.6383545562,96285.74186037028,99541.663438431,98707.82029720242,98623.67740757644
2026-01-28,99508.67689268834,99456.5916982832,99212.42234526704,99795.54866026896,96925.78654838704,100001.64547802856,98713.84356388792,98725.77375175006
2026-01-29,99786.71977914752,99780.40248417182,99261.77144486696,99969.9622230375,97217.03104660824,100102.82791253406,98856.35788269305,98792.62122046476
2026-01-30,100112.051648604,100185.07977919668,99190.83653208514,99602.9692863266,96841.26446530275,99732.57101858516,99019.21676304044,98842.90590587378
2026-02-02,99193.82760000852,99217.75297864,97593.09530927744,97843.27562672668,95953.00198684788,97773.28285332336,97044.18084756224,96986.62425236416
2026-02-03,100963.8309842135,100744.28492261466,97823.76489345988,98052.87246088464,98397.49417234617,97885.71362433032,96787.0366911029,96637.73485219528
2026-02-04,101544.85325314522,101006.56614267793,97877.14843393056,98083.6474404606,98582.79287256607,97872.34623990292,96833.1405362338,96617.91194269838
2026-02-05,101094.20822964764,100478.7964640824,97847.63276101903,98172.7655281534,98073.35964038038,97956.58105744344,96964.87241565251,96742.30651410014
2026-02-06,100279.70238082638,100129.16289946258,97625.9789444114,97948.555780004,98268.0256134406,97751.31198191395,96632.23505383052,96437.89766319018
2026-02-09,102396.44358851104,102075.61551947902,98406.86552883376,98795.59825583945,98931.98149791808,98600.02602820178,97886.30383100711,97694.41196366026
2026-02-10,104792.96284047909,103929.46429821434,97777.37135254825,98217.54394353495,99191.47885932017,98125.26137634004,97029.13332512398,96991.52237837116
2026-02-11,106769.87478765464,105585.66780631304,98268.94781612244,98608.5277406992,99262.9958211804,98324.17238188026,97610.36002199506,97285.98341629923
2026-02-12,106293.20473427196,105177.24008423153,98480.49146772096,98929.05550781828,98702.11728751866,98722.89676292484,97792.54504123326,97664.60899567844
2026-02-13,103323.24940750533,102516.84513240463,96343.03097170572,96677.90100142913,97416.67198275586,96448.57329600812,95669.13132213516,95162.38452495338
2026-02-16,103989.11124206636,102307.3716497362,97025.69677302064,98138.70707605092,98226.14927249755,97889.9684660238,96294.00514120676,96229.68300823748
2026-02-17,104371.39812816554,103114.36502168389,96879.09254011603,97910.6743002078,98389.26979643138,97665.9575241362,96252.62295965,96035.18064419452
2026-02-18,105309.20168022905,104379.00798572012,98141.92968492104,99286.07580298548,98748.58762590728,98827.7598518804,97583.29658204612,97519.48448710688
2026-02-19,104054.05711628028,103965.41467680872,96802.44242681492,97923.40659241508,97352.60999561218,97366.9693786382,95925.1336023015,95780.73228473948
2026-02-20,104651.97897161092,104695.61847576853,97140.73005074744,98150.5422362007,97799.70679091424,97489.66246911706,96299.66789836105,96020.42636722927
2026-02-23,105349.20179782396,105147.58947074242,97758.10436301108,99010.9079660786,98341.84330898093,98237.22759234828,97095.26222719804,96683.03031309012
2026-02-24,105799.95590029328,106127.52801644124,97456.58514863445,98810.79161006933,97239.0224750307,98230.63960655758,96919.67357802528,96543.16643324951
2026-02-25,107521.91925348992,107570.54808224256,98596.076526441,99844.23435619863,97460.27387395894,99059.4919196323,97735.37231864112,97314.63831803284
2026-02-26,107824.55714152729,108214.30418595376,99336.93423154828,100477.71194844838,97514.0124392005,99602.19383732314,98262.21402598776,97836.72923937548
2026-02-27,107265.8753091766,107403.69761937112,98410.2727159346,99660.81016538234,96298.17179817424,98894.6604735372,97373.49059550308,96937.67991270329
2026-03-02,105197.94901572925,104865.31739903554,96339.35921685016,97964.35670586753,95101.25992060675,97312.88273157354,94860.42160663594,94746.15696394122
2026-03-04,100934.21059405684,101277.42174237978,92648.86008825304,94343.43259492311,93628.02843408032,94362.06436520533,91764.15958462968,91901.41130945412
2026-03-05,102000.31386428146,101600.0699773521,93157.83899301042,95098.4176861783,94719.56969706656,94736.48217377868,91833.63573528072,92066.59856536447
2026-03-06,101268.19981409266,100522.4417416334,93119.00691176316,94940.76647702494,93513.09632888062,94706.58993719578,91833.63573528072,92053.89020766116
2026-03-09,98638.75021544711,98838.28602141218,92883.50494260545,94690.31828623547,91897.59284991732,94721.53605548725,91833.63573528072,92060.24438651284
2026-03-10,100922.5364383332,100718.61562500206,93553.05030168852,95665.87988715836,92790.82282154508,95696.29262256084,92573.75695014183,93000.76193637044
2026-03-11,100042.12449627272,100615.15172759512,94058.87880972293,96031.2457094152,91281.0634528903,96062.35686622983,93454.5079800443,93782.66201791997
2026-03-12,100122.6659455278,100893.70865102904,94156.22106252702,95765.95607828464,90410.20587532684,95798.3815055194,93915.50193093711,93998.58853067196
2026-03-13,97866.99618308707,98950.87935379344,93500.4711642424,94525.20569411054,88543.60868882532,94559.42255404964,93444.89501930083,93159.77961693313
2026-03-16,97096.29724899244,97549.37736595736,92560.58989368372,93594.71833553891,89529.21162372487,93628.52200204723,92064.57271329848,91884.1047012758
2026-03-17,96948.17909216208,97215.21404329296,92300.03783319716,93327.89945734412,90188.37929297856,93361.61976668148,91681.02633212291,91498.4007242178
2026-03-18,98577.14746764788,98401.40554130776,92484.07076520694,93516.93883287245,90940.4876390095,93550.71597964493,91961.41341570282,91782.295079649
2026-03-19,96025.71691102802,96463.65490681074,92479.66344119256,93514.50806296406,87973.93806574332,93548.27647811398,91970.90955239146,91796.88082209884
2026-03-20,96724.0549455861,97167.99233462223,92591.38090258474,93628.83228716628,88403.62996015398,93662.6367257652,92135.81693242567,91962.63387292082
2026-03-23,93132.81074127494,94171.79060761204,92367.01276517622,93399.89989057073,86101.79820264892,93433.629622189,91800.83464466932,91626.61730142916
2026-03-24,95173.48412212316,95868.8086673611,92650.81423219336,93689.81144945513,87630.68055254062,93723.63449326792,92222.64886146873,92050.07309934877
2026-03-25,98246.9999282034,98107.63061888408,92709.933912817,93750.26630632266,89137.7582218735,93784.1085690834,92310.16624894257,92137.9941688386
2026-03-27,95816.98741184753,96666.05840332968,92643.38013988984,93682.20946342596,87275.75503281757,93716.03009052352,92211.64385721664,92039.01733350028
2026-03-30,92911.35448456251,94530.46535091275,92473.10213251784,93508.08584748674,85408.5901328106,93541.85111968173,91959.57405250448,91785.7848335812
2026-04-01,95695.09124157036,96822.66641329972,92526.55733125376,93562.74829414266,86739.54962690017,93596.53094384496,92038.7060655822,91865.28185036268
2026-04-02,95361.60360101447,97335.10691627629,92404.07047286922,93437.4951565466,86868.4355324712,93471.2379875535,91857.38353926594,91683.12295718172
2026-04-06,96543.46507823642,97787.934877073,92277.68960729137,93308.2600683542,87844.28275897409,93341.9618147806,91670.29654783802,91495.1730097625
2026-04-07,96895.0415664899,98424.8594682448,92311.73050525226,93343.20645564904,88438.62650980045,93376.91878768394,91720.56716694712,91545.79189666624
2026-04-08,98125.55161799629,99712.09256658194,92471.78781952272,93505.29390278528,91780.1732631739,93539.06383823843,92002.49509988484,91830.08322505128
2026-04-09,98215.1788641076,99331.31205558468,92490.7857945417,93525.55006302377,90930.15674719284,93559.32325949016,92048.68976888084,91878.23801038766
2026-04-10,98851.8798965554,100152.26104731794,93188.42974233309,94262.73898044706,91983.83301334707,94296.7776832549,92538.08959401594,92435.26522731288
2026-04-13,98398.20356586776,99359.90164132598,92634.38442993983,93717.9189737582,91188.51121166944,93751.76688528882,92082.46839123638,92019.91075368032
2026-04-15,98381.1978149274,99732.34100622842,92884.5001636204,94035.62805523469,92674.94203719808,94069.59875133316,92391.71677452137,92212.55843888748
2026-04-16,98428.47898232038,100163.562715712,93245.47264881994,94350.03001373797,92542.79924888516,94384.1203597746,92793.50343231,92581.15801680756
2026-04-17,98386.30008577036,99786.9226190195,94244.7224260716,95413.32453290884,93142.49892844076,95447.7988699568,93442.10926654852,93332.5320163753
2026-04-20,97824.17039496548,99022.98009794448,93826.585136461,95069.95523731022,93185.71238408748,95104.30549581838,92556.7986559225,92649.17797105544
2026-04-21,98390.46154172362,98637.10867251726,94916.06166282207,96013.17067243691,93995.570639471,96047.86166690874,94080.45461423157,93947.2597994041
2026-04-22,98112.87875047402,98123.34340804406,95914.54271010956,96956.27152483628,93236.3882843653,96991.30319155417,95408.72986875764,95296.54879557274
2026-04-23,96733.3769174124,96939.16154932936,95669.4120707099,96807.53378067128,92452.15930578798,96842.5117375508,95090.68090465202,95107.36645389696
2026-04-24,96657.20691899644,96453.73316205258,94816.307955902,95940.31295061648,91400.00690220104,95974.9777391353,94424.19226905488,94443.94823180976
2026-04-27,96778.75967011834,96416.13247865252,95640.31660966131,96774.74944540377,92144.84702137904,96809.71562018886,95301.11291313024,95401.64778063312
2026-04-28,97099.8537272152,96062.82800571258,95797.7682081913,96789.3241250827,91773.8611853828,96805.48164190297,95289.10397556488,95288.2426569063
2026-04-29,97851.71451897486,96507.5630616159,96248.93963259144,97185.71921495906,92469.75095454302,97172.00559043174,95734.19350423862,95754.67105140295
2026-04-30,97417.58042364444,96191.2281390564,96632.94945208852,97579.7954938096,91780.94266437212,97672.43629346404,96667.34593420084,96687.43112887946
2026-05-01,97417.58042364444,96191.2281390564,95186.01431631848,96141.06162044432,91780.94266437212,96233.18267250744,94550.12580351152,94613.06925051662
2026-05-04,97279.3381760786,96292.8170838085,96818.24657238384,97663.5165091488,92246.58725749108,97721.0003597998,96872.77046556312,96839.7233038246
2026-05-05,97726.106911629,96224.8244713629,97261.7603779466,98056.08672453552,91915.7596820924,98243.2497880428,97597.2451850046,97442.58703199853
2026-05-06,97639.5367681186,95932.21427498512,97229.57887148112,98105.87730947742,93056.05707731824,98161.29434650295,97142.46260684256,96898.21233650364
2026-05-07,98406.76077861265,96495.70865225702,98437.01723150024,99333.901631157,93039.61579540322,99345.37303144086,97987.72241243834,97963.6576157557
2026-05-08,98557.64532127853,96347.72966611486,99212.70866736805,100221.02361061564,92464.01406017196,99866.0986010994,99209.39823882843,99087.45241865831
2026-05-11,97538.05594789244,95811.71814646867,97980.04992978075,98940.24828475836,91086.00904427371,99374.16515058416,98636.39693622582,98659.4300561731
2026-05-12,96096.3059668197,94352.21535562602,95174.59457915748,96209.10894753548,89417.34218348889,97498.06441494673,96873.21506870248,96670.7491796026
2026-05-13,95928.71593740222,93919.1624925882,95531.22824532498,96459.54394878748,89543.7406075162,97936.30231817393,97526.98606613472,97263.5855392981
2026-05-14,96050.08982135644,94199.78689030906,96444.38706899468,97626.20856763404,90603.15376804152,98521.90047927064,98283.51803801986,97923.29009012046
2026-05-15,95918.52556750228,93712.76069265814,96253.11885661312,97147.44535294484,90426.84137502004,98314.02785552008,97974.45176796912,97575.15401922564
2026-05-18,95214.8493701885,93239.7028187022,96514.84385502704,97505.48402093785,90451.50703284984,98684.0963847999,98561.87138853603,98202.30812395974
2026-05-19,95415.58562540532,93481.33286265898,96740.09665624105,97379.20190331672,90329.31417071176,98285.91275347964,97955.95037736814,97588.59469985116
2026-05-20,95894.87078379712,94268.83626059722,96923.3412752624,97596.99141574424,90486.1226168545,98371.89189354662,98063.36519802856,97620.97604247706
2026-05-21,96276.35208078256,94568.65030777146,96519.52751394478,97420.72912239896,90469.67386502492,98018.50501539525,97564.009239086,97213.68835003642
2026-05-22,96882.6334342063,95005.18658132736,96914.14041047536,98000.39309177872,90716.74875853756,98193.25294339072,97803.18090148985,97454.16623499052
2026-05-25,97633.1368966368,95516.31605607184,97575.9572498054,99140.53655352347,91911.54665028864,98816.63405496848,98649.49990389789,98218.94970452836
2026-05-26,98054.0000738801,96350.47516150524,99903.98796403546,101846.88505158568,91460.24429309732,100671.58169936204,101433.21750761235,100970.38031869369
2026-05-27,98806.48554259774,96710.58177494358,100841.6794614118,102835.79519873545,91435.1976696257,101100.89194523417,102060.06585230325,101618.93825414956
2026-05-28,98806.48554259774,96710.58177494358,100817.39075013091,102809.98076621188,91435.1976696257,101067.27568856077,102009.16307631708,101570.52323286892
2026-05-29,99695.58302213438,97226.2815422144,101822.65071128176,104001.52016506146,90060.63628433304,102314.10533215922,103885.2591936017,103395.2577077442
2026-06-01,99759.33338828706,97442.49489525329,100188.61948227244,102587.55552425089,89429.00272009468,101429.16435362744,102628.81911427584,102181.3156595614
2026-06-02,101042.4776973288,98284.28950656444,100555.13321902552,103134.79981073493,89815.10019321681,102436.30838807828,104152.855525395,103699.94613365218
2026-06-03,101969.60539188786,98993.13920852462,99854.6418314812,102457.0860612004,89516.96843378451,102318.91299195826,103995.89916572125,103601.2096037196
2026-06-04,104191.22410461692,100740.80165056376,100603.70911288436,103683.72650712042,89558.8522446421,102977.49635463212,104874.7320084236,104299.2935427148
2026-06-05,103409.57034059304,100332.42701441572,99326.4630277518,102110.29443982348,89368.19014577837,102140.12974935138,103655.63386238352,103165.5163337997
2026-06-08,103640.31231500856,100226.8850421056,96780.26449866193,99465.23249858175,88436.13902825674,100804.2592330781,101765.92136027392,101486.11104982885
2026-06-09,104280.64713544246,100778.60772454132,97541.9092984894,100456.12913350423,88891.64694733726,100720.94665894704,101646.89331572063,101403.30450918528
2026-06-10,103963.65567781877,100317.05584192224,96848.4804695235,99428.11194405433,88787.80766523787,100447.90735990362,101422.7531618766,101185.6408059848
2026-06-11,103560.63950510796,100078.81292474017,96850.14595780216,99186.63695514089,88583.76694942285,100902.63954078994,102132.58529467744,101893.40603749346
2026-06-12,104035.56577002905,100422.7974951471,97497.35265385418,99916.2014476274,90348.05618630684,101337.02240309234,102788.95281664352,102547.05793779998
2026-06-15,104109.5355487528,100440.5049898407,97833.45375696274,100393.63267102768,91231.53791945252,101517.87997008866,103061.37149145122,102818.59391801864
2026-06-16,103600.48369387451,100015.23941776578,98832.67848907765,101650.62918075664,91748.81456191116,102182.40236303826,104057.20717557236,103812.29107328676
2026-06-17,104029.0792719527,100273.0058808882,99897.9983838724,102740.97800411028,92118.07484764735,103104.03869199638,105431.1247762856,105183.45214144392
2026-06-18,103375.48462081527,99815.7632515808,99809.1932126783,102868.49994966712,92432.84210677288,102899.62721166998,105111.65238430943,104865.6458230859
2026-06-19,104347.98424815432,100748.6268807202,100546.98953873874,103555.2594444472,91840.4106540702,103426.6093128803,105914.71296879194,105476.85060963714
2026-06-22,104775.03058127168,101188.7146508683,99566.9486254932,102109.71415324062,92183.86238505108,102787.5915110096,105102.45336253296,104927.07118031538
2026-06-23,103705.70062811622,100751.25644880252,99283.63418356812,101708.90813472756,91117.56196331466,102190.36746532258,104310.86846581651,104399.14892800507
2026-06-24,103915.5007249777,100724.56698938282,102166.61643588894,103149.1386826342,91873.11393995114,104097.46917491444,106424.15659807244,107400.57295523724
2026-06-25,104030.57557818505,100785.48057771484,102978.81812615384,104039.06555495934,92004.48732706589,104591.23885844275,106922.26625810016,108238.6979615076
2026-06-26,104030.57557818505,100785.48057771484,102963.15389051632,104022.99140590012,92004.48732706589,104574.98470475394,106897.5198711774,108214.00986866422
2026-06-29,104920.46141806769,101722.87665243146,105655.0890234501,106668.80744803924,91584.73788891552,107108.9209475889,109830.02467156408,111699.99953592592
2026-06-30,106637.69756785686,103017.46664008834,107728.69831917807,108322.9393244794,91276.8578910011,108901.72990751354,112148.27368943408,114344.22864885542
2026-07-01,104693.14305548756,101531.71400106855,105593.8103772403,106033.68818450566,91812.68233127666,107213.5527518346,110269.07324853491,112165.9035265624
2026-07-02,106017.160967862,102665.3375546158,105729.82901011306,106084.31587053744,92462.2885099119,107307.34899827234,110385.649865062,112285.7062974968
2026-07-03,105725.10939205422,102550.45575130594,105117.5442766527,105478.81853700592,92826.20033683338,106895.75595310748,109758.14804771572,111511.77514215773
2026-07-06,106030.45032668476,102679.43293413258,106201.06464106822,106097.1591301079,93436.22343829113,107482.80160606024,109974.21888991418,112370.9790900768
2026-07-07,106655.97568180962,102771.1897750959,106421.58742710516,106187.89971306609,93315.17347307852,107633.89829149345,110606.60442968644,112997.92451865292
2026-07-08,107408.87644366152,103253.54403733223,105425.79826001966,105244.42279637283,91339.20179779928,107023.57572964276,110174.34869724416,112435.31445779752
2026-07-09,107327.13197896276,103428.3083917654,105971.3704203656,106113.53409470788,91648.03794477553,107339.2972079441,110683.88462966825,112693.19830724318
2026-07-10,108221.21760598612,104215.17612049192,104832.9844405542,105234.78516070369,92581.620394779,106390.00607375636,109561.19578250933,111388.6473307632
2026-07-13,107634.40033820516,103933.9144404605,105975.55662887984,106072.28219616796,92597.29974541038,107168.9304489809,109960.0510846492,112516.265783798
2026-07-14,107728.11703208309,104027.01786498948,104217.0089660858,104618.59214997636,91989.38315985454,105783.28787445798,108788.69620507736,110644.61180676628
2026-07-15,108176.50458665496,104296.98519259802,103883.8156387493,104656.6094257222,92090.54074263202,105575.59584829214,108173.92059472585,110093.08513190676
2026-07-16,106929.44969633332,103468.27290369438,103283.25255273288,103984.91891826136,92068.54931420957,105149.8785320002,107488.93939860864,109563.5135574628
2026-07-17,107577.76644065128,103726.8144517466,101443.03170466136,102166.86055665468,93068.87545067862,103714.3203087223,105875.91364121408,107777.22491474188
2026-07-20,107587.89694803883,103916.38700204184,102708.7803768099,103405.48404132896,92702.47614221345,104857.9736645844,107720.75851166072,109551.21056218936
2026-07-21,107692.8275071792,104211.48123862782,103651.67590101065,104923.92987408112,92508.1836648805,106187.85705213535,108302.5874233529,110609.53934149136
2026-07-22,107282.27722358333,103842.02115149844,103315.45958267472,104063.73548553264,91775.9677012847,105738.71738356372,107741.8725343454,110417.67551960202
2026-07-23,108258.15613400211,104461.9490972738,102140.75609487885,102925.21725856044,91291.58109257062,104818.697710105,106666.13837732984,109098.73309625448
2026-07-24,108031.0698726559,104524.21712760272,100580.55022002404,101847.02841518834,90900.89709191745,103786.45500077846,105593.7108396868,107445.54406794164
2026-07-27,109772.25812072512,106435.72527689891,99918.8582701492,101433.2866826678,91774.81733444464,103601.38347892686,105642.960023849,107155.15077788128
2026-07-28,110081.02036920004,106922.75810473908,99158.70128051142,100655.21272770246,91734.2781082053,102830.1856962021,104504.68997490194,105978.47731545789
2026-07-29,109288.70518021398,106483.5504463874,99555.88343853636,101071.13034211914,92747.220930342,103454.6904160085,105399.82171528888,106913.9309539268
2026-07-30,108176.19974583785,105692.56575962868,99351.33680017469,100866.78444433502,93003.28213105309,102894.12668930338,104535.21450653838,106039.18613024024
2026-07-31,106983.66185486852,105076.95484083895,99050.84053590182,100582.89204730844,93257.42356372593,102909.6685865242,104479.98451012593,106015.04079568211
2026-08-03,107439.22303078017,105326.46131101478,99071.40043833834,100654.91433757824,94751.69779952752,103085.9893880008,104545.76629058862,106169.2204388757
2026-08-04,106849.36239549036,105163.2333836407,98651.47060899874,100169.16230750986,94142.05566371162,102837.27105532808,104405.79687470068,105924.2796265
2026-08-05,107844.73347708772,105747.24871103164,98731.70251715428,100216.35005511808,94179.3454771236,102659.90321245648,104271.21346415412,105728.90213152776
2026-08-06,110213.34043265785,107760.99326456145,98906.99000053664,100392.08126084026,94222.75315054852,102789.75277568994,104475.8523137476,105934.81009001713
2026-08-07,113808.8484490625,109824.0668131872,98653.67922023432,100118.04609725213,93972.81727976487,102417.23978254844,103976.27848421728,105397.95671693618
2026-08-10,111871.69703552032,108602.97473306367,98519.91769516766,99941.59078689798,94023.1122144009,102182.80994487937,103778.07052134907,105130.48852621597
2026-08-11,110072.1919417266,107473.91061877122,98143.79933146418,99588.3988590724,93594.36899913751,101973.0245337789,103348.36487949248,104740.29008957552
2026-08-12,110255.16066327014,107377.15846261234,97882.53344824223,99364.24454465225,93457.63968329354,101738.10905099304,102826.10976198073,104281.8337148516
2026-08-13,111034.86910689173,107980.71906551528,97936.3378718093,99391.99796493296,93304.27486775636,101572.63686989006,102678.4396735126,104088.63020614976
2026-08-14,111828.37786695284,108326.5555561103,97617.5247327229,99030.49765543868,93190.11216375486,101042.36609735516,102021.28260896486,103357.49614199126
2026-08-17,111445.0276901304,108568.63928646508,97753.79993634648,99188.63577093452,92890.45654175524,101291.11765383728,102321.04643558543,103696.7827835222
2026-08-18,112497.50824043794,108825.74695325638,97606.98552706548,99039.1558668442,92382.74138991504,101138.79390781156,102092.40558531135,103463.19090562015
2026-08-19,112471.41637857236,108528.3050910608,97277.03208886377,98681.02309363728,92089.77881134835,100775.87696256983,101637.13865216574,102956.08532771186
2026-08-20,112037.6618103722,108557.4047191401,97092.53283732296,98487.5750971219,92677.04108318542,100578.30443381544,101363.01798893684,102668.11394342771
2026-08-21,113101.6001351942,109236.62154636814,97067.78174532932,98462.46837716905,92754.10819155312,100552.66473946552,101324.21818074636,102628.81456967864
2026-08-24,113319.19461034656,109883.9894662255,97067.78174532932,98462.46837716905,92628.09073316764,100552.66473946552,101324.21818074636,102628.81456967864
